Marca temporal,¿En qué rango de edad te encuentras?,¿Cuál es tu género?,¿Cuál es tu ocupación actual?,¿Cuál es tu estado civil?,¿Estas actualmente realizando práctica profesional?,¿En qué jornada matriculas tus clases regularmente?,¿En qué año académico se encuentra actualmente?,"¿Ha experimentado durante su vida estudiantil el trastorno de ansiedad (miedo, nervios o estrés)?","Basándose en un periodo académico normal en la UNAH, ¿En qué momento experimenta el mayor foco de trastorno de ansiedad?",Tener varias evaluaciones en una misma semana.,Atender muchas tareas simultaneas.,Realizar exposiciones o conferencias frente a muchas personas.,Participar en clase frente a los demás compañeros.,Desarrollar su jornada académica en ambientes físicos desagradables.,Tener un tiempo limitado y corto para realizar sus tareas.,Los trabajos grupales.,¿De qué forma considera que influye el trastorno de ansiedad en su promedio de calificaciones?,Cansancio/fatiga difusa.,Dificultad para dormir o sueño irregular.,Sensación de no haber sido tomado en consideración.,Irritabilidad excesiva.,Escasa confianza en usted mismo.,Sensación de inutilidad.,Falta de entusiasmo.,Sensación de no tener control sobre la situación.,Preocupación excesiva.,Dificultad de concentración.,Olvidos frecuentes.,El querer aislarse de los demás.,Escaso desempeño en ejecutar sus propias obligaciones.,Dificultad para aceptar responsabilidades.,Dificultad para mantener responsabilidades contraídas.,Cancelar/abandonar asignaturas matriculadas.
2020/04/11 1:19:33 a.m. GMT-5,23 - 26 años,Hombre,Ambas,Soltero,Sí,Mixta Vespertina - Nocturna,ultimo año,Sí,Al final de cada parcial,Muy de acuerdo,De acuerdo,De acuerdo,De acuerdo,Ni de acuerdo ni en desacuerdo,Muy de acuerdo,De acuerdo,Disminuye,Muy de acuerdo,En desacuerdo,Ni de acuerdo ni en desacuerdo,Ni de acuerdo ni en desacuerdo,De acuerdo,De acuerdo,Muy de acuerdo,Muy de acuerdo,De acuerdo,Muy de acuerdo,En desacuerdo,En desacuerdo,Muy de acuerdo,De acuerdo,De acuerdo,De acuerdo
2020/04/11 12:51:20 p.m. GMT-5,23 - 26 años,Hombre,Ambas,Soltero,No,Mixta Matutina - Vespertina,ultimo año,Sí,En los examenes y proyectos finales,Muy de acuerdo,Muy de acuerdo,De acuerdo,De acuerdo,De acuerdo,Muy de acuerdo,Ni de acuerdo ni en desacuerdo,Se mantiene,En desacuerdo,Ni de acuerdo ni en desacuerdo,Ni de acuerdo ni en desacuerdo,Muy en desacuerdo,En desacuerdo,Muy en desacuerdo,Ni de acuerdo ni en desacuerdo,Ni de acuerdo ni en desacuerdo,De acuerdo,Ni de acuerdo ni en desacuerdo,Ni de acuerdo ni en desacuerdo,Ni de acuerdo ni en desacuerdo,Ni de acuerdo ni en desacuerdo,Ni de acuerdo ni en desacuerdo,Ni de acuerdo ni en desacuerdo,En desacuerdo
2020/04/11 1:18:20 p.m. GMT-5,23 - 26 años,Mujer,Ambas,Soltero,Sí,Nocturna,ultimo año,Sí,En los examenes y proyectos finales,Muy de acuerdo,Muy de acuerdo,De acuerdo,De acuerdo,De acuerdo,Muy de acuerdo,Muy de acuerdo,Se mantiene,De acuerdo,Muy de acuerdo,Ni de acuerdo ni en desacuerdo,Muy de acuerdo,Muy de acuerdo,De acuerdo,Ni de acuerdo ni en desacuerdo,De acuerdo,De acuerdo,De acuerdo,Muy de acuerdo,Muy de acuerdo,De acuerdo,Muy de acuerdo,Ni de acuerdo ni en desacuerdo,Muy en desacuerdo
2020/04/11 1:18:37 p.m. GMT-5,23 - 26 años,Hombre,Estudio,Soltero,Sí,Mixta Matutina - Vespertina,ultimo año,Sí,Al final de cada parcial,De acuerdo,Muy de acuerdo,Muy de acuerdo,De acuerdo,Ni de acuerdo ni en desacuerdo,De acuerdo,Muy de acuerdo,Disminuye,Muy de acuerdo,Muy de acuerdo,De acuerdo,De acuerdo,Muy de acuerdo,Muy de acuerdo,De acuerdo,Ni de acuerdo ni en desacuerdo,De acuerdo,Muy de acuerdo,Muy de acuerdo,Muy de acuerdo,Ni de acuerdo ni en desacuerdo,Ni de acuerdo ni en desacuerdo,Ni de acuerdo ni en desacuerdo,Ni de acuerdo ni en desacuerdo
2020/04/11 1:30:55 p.m. GMT-5,23 - 26 años,Hombre,Estudio,Soltero,No,Mixta Matutina - Vespertina,ultimo año,Sí,Al final de cada parcial,Muy en desacuerdo,Ni de acuerdo ni en desacuerdo,Ni de acuerdo ni en desacuerdo,De acuerdo,Muy en desacuerdo,Muy en desacuerdo,Ni de acuerdo ni en desacuerdo,Disminuye,En desacuerdo,De acuerdo,De acuerdo,Ni de acuerdo ni en desacuerdo,En desacuerdo,En desacuerdo,En desacuerdo,En desacuerdo,De acuerdo,De acuerdo,De acuerdo,De acuerdo,Ni de acuerdo ni en desacuerdo,En desacuerdo,De acuerdo,Ni de acuerdo ni en desacuerdo
2020/04/11 1:43:31 p.m. GMT-5,19 - 22 años,Hombre,Ambas,Soltero,No,Mixta Vespertina - Nocturna,ultimo año,Sí,En los examenes y proyectos finales,De acuerdo,De acuerdo,De acuerdo,Ni de acuerdo ni en desacuerdo,Ni de acuerdo ni en desacuerdo,De acuerdo,De acuerdo,Se mantiene,De acuerdo,Ni de acuerdo ni en desacuerdo,Ni de acuerdo ni en desacuerdo,De acuerdo,De acuerdo,De acuerdo,De acuerdo,De acuerdo,De acuerdo,De acuerdo,De acuerdo,De acuerdo,De acuerdo,De acuerdo,De acuerdo,Ni de acuerdo ni en desacuerdo
2020/04/11 1:46:45 p.m. GMT-5,23 - 26 años,Hombre,Ambas,Casado,No,Nocturna,5to año,Sí,En los examenes y proyectos finales,Muy en desacuerdo,Muy en desacuerdo,Ni de acuerdo ni en desacuerdo,De acuerdo,De acuerdo,En desacuerdo,Muy en desacuerdo,Disminuye,De acuerdo,De acuerdo,Ni de acuerdo ni en desacuerdo,Ni de acuerdo ni en desacuerdo,En desacuerdo,Muy en desacuerdo,Muy en desacuerdo,Muy en desacuerdo,Muy en desacuerdo,Muy en desacuerdo,Muy en desacuerdo,Muy en desacuerdo,Muy en desacuerdo,Muy en desacuerdo,Muy en desacuerdo,En desacuerdo
2020/04/11 1:49:23 p.m. GMT-5,19 - 22 años,Mujer,Ambas,Soltero,No,Mixta Vespertina - Nocturna,ultimo año,Sí,En los examenes y proyectos finales,Muy de acuerdo,Muy de acuerdo,Muy en desacuerdo,Muy en desacuerdo,De acuerdo,Muy de acuerdo,Muy de acuerdo,Disminuye,Muy de acuerdo,Muy de acuerdo,De acuerdo,Muy de acuerdo,Muy de acuerdo,Muy de acuerdo,Muy de acuerdo,Muy de acuerdo,Muy de acuerdo,Muy de acuerdo,Muy de acuerdo,Muy de acuerdo,Muy de acuerdo,Ni de acuerdo ni en desacuerdo,Ni de acuerdo ni en desacuerdo,Muy en desacuerdo
2020/04/11 1:54:39 p.m. GMT-5,27 - 30 años,Hombre,Ambas,Soltero,No,Mixta Vespertina - Nocturna,ultimo año,Sí,Al final de cada parcial,Ni de acuerdo ni en desacuerdo,De acuerdo,En desacuerdo,En desacuerdo,Ni de acuerdo ni en desacuerdo,De acuerdo,Ni de acuerdo ni en desacuerdo,Disminuye,De acuerdo,Muy de acuerdo,Ni de acuerdo ni en desacuerdo,Muy en desacuerdo,En desacuerdo,De acuerdo,De acuerdo,En desacuerdo,En desacuerdo,De acuerdo,De acuerdo,En desacuerdo,De acuerdo,Ni de acuerdo ni en desacuerdo,Ni de acuerdo ni en desacuerdo,De acuerdo
2020/04/11 1:56:50 p.m. GMT-5,27 - 30 años,Mujer,Estudio,Soltero,Sí,Mixta Vespertina - Nocturna,ultimo año,Sí,Al final de cada parcial,,De acuerdo,Ni de acuerdo ni en desacuerdo,Ni de acuerdo ni en desacuerdo,De acuerdo,De acuerdo,De acuerdo,Disminuye,De acuerdo,De acuerdo,Ni de acuerdo ni en desacuerdo,De acuerdo,Ni de acuerdo ni en desacuerdo,Ni de acuerdo ni en desacuerdo,Muy de acuerdo,Ni de acuerdo ni en desacuerdo,De acuerdo,De acuerdo,De acuerdo,Ni de acuerdo ni en desacuerdo,De acuerdo,Ni de acuerdo ni en desacuerdo,De acuerdo,Muy de acuerdo
2020/04/11 1:57:32 p.m. GMT-5,23 - 26 años,Mujer,Estudio,Soltero,No,Matutina,3er año,Sí,Al final de cada parcial,Muy de acuerdo,En desacuerdo,En desacuerdo,En desacuerdo,Ni de acuerdo ni en desacuerdo,Muy de acuerdo,Ni de acuerdo ni en desacuerdo,Aumenta,Muy de acuerdo,Muy de acuerdo,De acuerdo,Muy de acuerdo,Muy de acuerdo,De acuerdo,De acuerdo,Muy de acuerdo,Muy de acuerdo,Muy de acuerdo,De acuerdo,Muy de acuerdo,De acuerdo,Muy de acuerdo,De acuerdo,Muy de acuerdo
2020/04/11 1:58:15 p.m. GMT-5,23 - 26 años,Mujer,Ambas,Soltero,Sí,Mixta Matutina - Vespertina,ultimo año,Sí,Al final de cada parcial,En desacuerdo,De acuerdo,De acuerdo,Ni de acuerdo ni en desacuerdo,Muy en desacuerdo,En desacuerdo,De acuerdo,Se mantiene,De acuerdo,En desacuerdo,De acuerdo,Ni de acuerdo ni en desacuerdo,En desacuerdo,En desacuerdo,En desacuerdo,Ni de acuerdo ni en desacuerdo,Muy de acuerdo,Ni de acuerdo ni en desacuerdo,De acuerdo,Ni de acuerdo ni en desacuerdo,En desacuerdo,En desacuerdo,Ni de acuerdo ni en desacuerdo,Muy en desacuerdo
2020/04/11 1:58:58 p.m. GMT-5,23 - 26 años,Hombre,Ambas,Casado,No,Nocturna,ultimo año,Sí,En los examenes y proyectos finales,De acuerdo,De acuerdo,Ni de acuerdo ni en desacuerdo,De acuerdo,En desacuerdo,De acuerdo,De acuerdo,Se mantiene,De acuerdo,De acuerdo,De acuerdo,De acuerdo,En desacuerdo,En desacuerdo,De acuerdo,De acuerdo,De acuerdo,De acuerdo,De acuerdo,En desacuerdo,Ni de acuerdo ni en desacuerdo,De acuerdo,De acuerdo,Ni de acuerdo ni en desacuerdo
2020/04/11 2:03:19 p.m. GMT-5,23 - 26 años,Mujer,Estudio,Soltero,No,Matutina,3er año,Sí,En los examenes y proyectos finales,Muy de acuerdo,De acuerdo,De acuerdo,Ni de acuerdo ni en desacuerdo,De acuerdo,De acuerdo,Muy de acuerdo,Aumenta,Muy de acuerdo,En desacuerdo,Muy de acuerdo,Muy de acuerdo,Muy de acuerdo,Muy de acuerdo,Muy de acuerdo,Muy de acuerdo,Muy de acuerdo,Muy de acuerdo,De acuerdo,Muy de acuerdo,Muy de acuerdo,Muy de acuerdo,Muy de acuerdo,De acuerdo
2020/04/11 2:06:49 p.m. GMT-5,19 - 22 años,Mujer,Estudio,Otro,No,Mixta Matutina - Vespertina,2do año,Sí,En los examenes y proyectos finales,Ni de acuerdo ni en desacuerdo,Ni de acuerdo ni en desacuerdo,De acuerdo,De acuerdo,Ni de acuerdo ni en desacuerdo,Ni de acuerdo ni en desacuerdo,Ni de acuerdo ni en desacuerdo,Aumenta,De acuerdo,De acuerdo,Ni de acuerdo ni en desacuerdo,De acuerdo,Muy de acuerdo,Muy de acuerdo,Muy de acuerdo,Muy de acuerdo,Muy de acuerdo,Muy de acuerdo,Muy de acuerdo,De acuerdo,Muy de acuerdo,Ni de acuerdo ni en desacuerdo,De acuerdo,En desacuerdo
2020/04/11 2:11:23 p.m. GMT-5,19 - 22 años,Mujer,Estudio,Soltero,No,Mixta Matutina - Vespertina,3er año,Sí,En los examenes y proyectos finales,Muy de acuerdo,De acuerdo,De acuerdo,Ni de acuerdo ni en desacuerdo,De acuerdo,De acuerdo,Ni de acuerdo ni en desacuerdo,Disminuye,De acuerdo,Ni de acuerdo ni en desacuerdo,Ni de acuerdo ni en desacuerdo,De acuerdo,De acuerdo,De acuerdo,De acuerdo,De acuerdo,De acuerdo,Ni de acuerdo ni en desacuerdo,En desacuerdo,En desacuerdo,En desacuerdo,En desacuerdo,En desacuerdo,En desacuerdo
2020/04/11 2:12:58 p.m. GMT-5,19 - 22 años,Hombre,Estudio,Soltero,No,Matutina,3er año,Sí,Al final de cada parcial,De acuerdo,Muy de acuerdo,En desacuerdo,Ni de acuerdo ni en desacuerdo,En desacuerdo,De acuerdo,Ni de acuerdo ni en desacuerdo,Disminuye,Ni de acuerdo ni en desacuerdo,De acuerdo,Ni de acuerdo ni en desacuerdo,En desacuerdo,En desacuerdo,Ni de acuerdo ni en desacuerdo,Ni de acuerdo ni en desacuerdo,Ni de acuerdo ni en desacuerdo,De acuerdo,De acuerdo,De acuerdo,En desacuerdo,De acuerdo,Ni de acuerdo ni en desacuerdo,Ni de acuerdo ni en desacuerdo,Muy en desacuerdo
2020/04/11 2:24:51 p.m. GMT-5,19 - 22 años,Hombre,Estudio,Soltero,No,Matutina,2do año,Sí,En los examenes y proyectos finales,Muy de acuerdo,Muy de acuerdo,De acuerdo,Ni de acuerdo ni en desacuerdo,Ni de acuerdo ni en desacuerdo,De acuerdo,De acuerdo,Disminuye,De acuerdo,De acuerdo,De acuerdo,Ni de acuerdo ni en desacuerdo,Ni de acuerdo ni en desacuerdo,Ni de acuerdo ni en desacuerdo,Ni de acuerdo ni en desacuerdo,De acuerdo,De acuerdo,Ni de acuerdo ni en desacuerdo,De acuerdo,De acuerdo,De acuerdo,De acuerdo,De acuerdo,De acuerdo
2020/04/11 2:25:01 p.m. GMT-5,27 - 30 años,Hombre,Trabajo,Soltero,Sí,Mixta Vespertina - Nocturna,ultimo año,Sí,En los examenes y proyectos finales,Muy de acuerdo,Muy de acuerdo,En desacuerdo,En desacuerdo,Ni de acuerdo ni en desacuerdo,Muy de acuerdo,Muy de acuerdo,Disminuye,De acuerdo,De acuerdo,De acuerdo,De acuerdo,Ni de acuerdo ni en desacuerdo,Ni de acuerdo ni en desacuerdo,En desacuerdo,Ni de acuerdo ni en desacuerdo,Muy de acuerdo,De acuerdo,En desacuerdo,Muy en desacuerdo,En desacuerdo,Muy en desacuerdo,Muy en desacuerdo,Ni de acuerdo ni en desacuerdo
2020/04/11 2:32:21 p.m. GMT-5,23 - 26 años,Mujer,Estudio,Soltero,No,Mixta Matutina - Vespertina,4to año,Sí,Al final de cada parcial,Muy de acuerdo,Muy de acuerdo,De acuerdo,De acuerdo,De acuerdo,De acuerdo,Ni de acuerdo ni en desacuerdo,Aumenta,Muy de acuerdo,Muy de acuerdo,Ni de acuerdo ni en desacuerdo,De acuerdo,De acuerdo,Muy de acuerdo,Muy de acuerdo,Muy de acuerdo,Muy de acuerdo,Muy de acuerdo,Muy de acuerdo,De acuerdo,Muy de acuerdo,De acuerdo,De acuerdo,Muy de acuerdo
2020/04/11 2:36:18 p.m. GMT-5,23 - 26 años,Hombre,Estudio,Soltero,No,Mixta Vespertina - Nocturna,ultimo año,Sí,En los examenes y proyectos finales,En desacuerdo,En desacuerdo,Muy de acuerdo,Muy de acuerdo,En desacuerdo,En desacuerdo,Muy de acuerdo,Aumenta,De acuerdo,Muy de acuerdo,Ni de acuerdo ni en desacuerdo,De acuerdo,En desacuerdo,En desacuerdo,De acuerdo,Ni de acuerdo ni en desacuerdo,De acuerdo,De acuerdo,Muy de acuerdo,Ni de acuerdo ni en desacuerdo,De acuerdo,De acuerdo,En desacuerdo,De acuerdo
2020/04/11 2:38:15 p.m. GMT-5,23 - 26 años,Mujer,Estudio,Soltero,Sí,Matutina,ultimo año,Sí,Al final de cada parcial,Muy de acuerdo,Muy de acuerdo,Ni de acuerdo ni en desacuerdo,En desacuerdo,Ni de acuerdo ni en desacuerdo,De acuerdo,Ni de acuerdo ni en desacuerdo,Se mantiene,Ni de acuerdo ni en desacuerdo,Ni de acuerdo ni en desacuerdo,De acuerdo,Ni de acuerdo ni en desacuerdo,Ni de acuerdo ni en desacuerdo,Ni de acuerdo ni en desacuerdo,En desacuerdo,Ni de acuerdo ni en desacuerdo,De acuerdo,Ni de acuerdo ni en desacuerdo,De acuerdo,De acuerdo,Ni de acuerdo ni en desacuerdo,Ni de acuerdo ni en desacuerdo,Ni de acuerdo ni en desacuerdo,En desacuerdo
2020/04/11 2:56:23 p.m. GMT-5,19 - 22 años,Mujer,Estudio,Soltero,No,Mixta Matutina - Vespertina,2do año,Sí,Al final de cada parcial,Muy de acuerdo,De acuerdo,Muy de acuerdo,En desacuerdo,En desacuerdo,De acuerdo,Muy de acuerdo,Aumenta,De acuerdo,Muy de acuerdo,De acuerdo,Muy de acuerdo,De acuerdo,Muy de acuerdo,Ni de acuerdo ni en desacuerdo,Muy de acuerdo,Muy de acuerdo,Muy de acuerdo,Muy de acuerdo,Muy de acuerdo,En desacuerdo,En desacuerdo,Ni de acuerdo ni en desacuerdo,Muy en desacuerdo
2020/04/11 2:57:52 p.m. GMT-5,19 - 22 años,Hombre,Estudio,Soltero,No,Matutina,2do año,Sí,En los examenes y proyectos finales,En desacuerdo,En desacuerdo,En desacuerdo,De acuerdo,En desacuerdo,En desacuerdo,En desacuerdo,Se mantiene,En desacuerdo,En desacuerdo,De acuerdo,En desacuerdo,En desacuerdo,En desacuerdo,En desacuerdo,Ni de acuerdo ni en desacuerdo,De acuerdo,Ni de acuerdo ni en desacuerdo,Ni de acuerdo ni en desacuerdo,En desacuerdo,Ni de acuerdo ni en desacuerdo,Ni de acuerdo ni en desacuerdo,Ni de acuerdo ni en desacuerdo,Ni de acuerdo ni en desacuerdo
2020/04/11 3:55:30 p.m. GMT-5,19 - 22 años,Mujer,Estudio,Soltero,No,Mixta Matutina - Vespertina,2do año,Sí,En los examenes y proyectos finales,Muy de acuerdo,De acuerdo,Ni de acuerdo ni en desacuerdo,Ni de acuerdo ni en desacuerdo,De acuerdo,Muy de acuerdo,De acuerdo,Se mantiene,Muy de acuerdo,De acuerdo,De acuerdo,Ni de acuerdo ni en desacuerdo,Ni de acuerdo ni en desacuerdo,De acuerdo,De acuerdo,De acuerdo,De acuerdo,De acuerdo,De acuerdo,Muy de acuerdo,De acuerdo,Ni de acuerdo ni en desacuerdo,Ni de acuerdo ni en desacuerdo,En desacuerdo
2020/04/11 4:41:54 p.m. GMT-5,23 - 26 años,Hombre,Trabajo,Soltero,No,Mixta Matutina - Vespertina,ultimo año,Sí,En los examenes y proyectos finales,Ni de acuerdo ni en desacuerdo,De acuerdo,Muy de acuerdo,Muy de acuerdo,Muy en desacuerdo,Muy de acuerdo,Muy en desacuerdo,Aumenta,Ni de acuerdo ni en desacuerdo,Muy de acuerdo,Muy en desacuerdo,Muy en desacuerdo,Muy en desacuerdo,Muy en desacuerdo,Muy en desacuerdo,Muy en desacuerdo,De acuerdo,Muy en desacuerdo,Muy en desacuerdo,Muy en desacuerdo,Muy en desacuerdo,Muy en desacuerdo,Muy en desacuerdo,Muy en desacuerdo
2020/04/11 5:03:52 p.m. GMT-5,19 - 22 años,Hombre,Estudio,Soltero,No,Matutina,2do año,Sí,En los examenes y proyectos finales,De acuerdo,Ni de acuerdo ni en desacuerdo,De acuerdo,De acuerdo,Muy en desacuerdo,De acuerdo,De acuerdo,Disminuye,De acuerdo,Ni de acuerdo ni en desacuerdo,Ni de acuerdo ni en desacuerdo,Ni de acuerdo ni en desacuerdo,De acuerdo,De acuerdo,De acuerdo,En desacuerdo,Ni de acuerdo ni en desacuerdo,De acuerdo,De acuerdo,En desacuerdo,De acuerdo,Ni de acuerdo ni en desacuerdo,Ni de acuerdo ni en desacuerdo,Muy en desacuerdo
2020/04/11 5:54:58 p.m. GMT-5,23 - 26 años,Hombre,Estudio,Soltero,No,Vespertina,4to año,Sí,Al final de cada parcial,Ni de acuerdo ni en desacuerdo,En desacuerdo,Muy de acuerdo,De acuerdo,Muy de acuerdo,De acuerdo,En desacuerdo,Disminuye,Muy de acuerdo,Muy en desacuerdo,Muy en desacuerdo,De acuerdo,En desacuerdo,Muy de acuerdo,Muy de acuerdo,Muy de acuerdo,De acuerdo,Muy de acuerdo,Muy de acuerdo,En desacuerdo,Muy de acuerdo,De acuerdo,En desacuerdo,Muy de acuerdo
2020/04/11 7:26:02 p.m. GMT-5,23 - 26 años,Mujer,Ambas,Soltero,Sí,Mixta Vespertina - Nocturna,ultimo año,Sí,En los examenes y proyectos finales,De acuerdo,De acuerdo,De acuerdo,En desacuerdo,De acuerdo,De acuerdo,Muy de acuerdo,Aumenta,De acuerdo,De acuerdo,De acuerdo,Muy de acuerdo,De acuerdo,De acuerdo,De acuerdo,De acuerdo,De acuerdo,De acuerdo,De acuerdo,De acuerdo,Ni de acuerdo ni en desacuerdo,En desacuerdo,De acuerdo,En desacuerdo
2020/04/11 7:45:51 p.m. GMT-5,mayor de 30 años,Hombre,Ambas,Otro,No,Mixta Matutina - Vespertina,ultimo año,Sí,Al final de cada parcial,Muy de acuerdo,Muy de acuerdo,En desacuerdo,En desacuerdo,Muy de acuerdo,Muy de acuerdo,Muy de acuerdo,Aumenta,De acuerdo,Ni de acuerdo ni en desacuerdo,Ni de acuerdo ni en desacuerdo,De acuerdo,De acuerdo,De acuerdo,De acuerdo,Muy de acuerdo,De acuerdo,De acuerdo,Muy de acuerdo,Ni de acuerdo ni en desacuerdo,De acuerdo,De acuerdo,De acuerdo,De acuerdo
2020/04/11 8:34:34 p.m. GMT-5,19 - 22 años,Mujer,Estudio,Soltero,No,Mixta Matutina - Vespertina,ultimo año,Sí,En los examenes y proyectos finales,De acuerdo,De acuerdo,En desacuerdo,En desacuerdo,Muy de acuerdo,De acuerdo,En desacuerdo,Disminuye,De acuerdo,De acuerdo,Ni de acuerdo ni en desacuerdo,Ni de acuerdo ni en desacuerdo,Muy de acuerdo,De acuerdo,Muy de acuerdo,Muy de acuerdo,De acuerdo,De acuerdo,De acuerdo,De acuerdo,De acuerdo,De acuerdo,De acuerdo,Muy de acuerdo
2020/04/11 8:40:10 p.m. GMT-5,19 - 22 años,Mujer,Estudio,Soltero,Sí,Mixta Matutina - Vespertina,5to año,Sí,En los examenes y proyectos finales,De acuerdo,De acuerdo,De acuerdo,Ni de acuerdo ni en desacuerdo,De acuerdo,De acuerdo,Ni de acuerdo ni en desacuerdo,Se mantiene,De acuerdo,Muy de acuerdo,Ni de acuerdo ni en desacuerdo,De acuerdo,De acuerdo,De acuerdo,De acuerdo,De acuerdo,De acuerdo,Muy de acuerdo,Muy de acuerdo,De acuerdo,De acuerdo,De acuerdo,De acuerdo,De acuerdo
2020/04/11 9:11:28 p.m. GMT-5,23 - 26 años,Mujer,Estudio,Soltero,No,Mixta Matutina - Vespertina,3er año,Sí,En los examenes y proyectos finales,En desacuerdo,En desacuerdo,De acuerdo,De acuerdo,En desacuerdo,Ni de acuerdo ni en desacuerdo,Muy en desacuerdo,Disminuye,En desacuerdo,De acuerdo,En desacuerdo,De acuerdo,Muy de acuerdo,Muy de acuerdo,Muy de acuerdo,Muy de acuerdo,Muy de acuerdo,Muy de acuerdo,Muy de acuerdo,Muy de acuerdo,De acuerdo,En desacuerdo,De acuerdo,Ni de acuerdo ni en desacuerdo
2020/04/11 9:19:18 p.m. GMT-5,19 - 22 años,Mujer,Estudio,Soltero,No,Mixta Matutina - Vespertina,4to año,Sí,En los examenes y proyectos finales,Ni de acuerdo ni en desacuerdo,Ni de acuerdo ni en desacuerdo,Muy de acuerdo,Muy de acuerdo,Muy en desacuerdo,En desacuerdo,En desacuerdo,Disminuye,Muy de acuerdo,Muy de acuerdo,De acuerdo,Muy de acuerdo,De acuerdo,Muy de acuerdo,De acuerdo,En desacuerdo,Ni de acuerdo ni en desacuerdo,En desacuerdo,De acuerdo,Ni de acuerdo ni en desacuerdo,Ni de acuerdo ni en desacuerdo,En desacuerdo,En desacuerdo,Muy en desacuerdo
2020/04/11 9:21:27 p.m. GMT-5,23 - 26 años,Mujer,Estudio,Soltero,No,Mixta Matutina - Vespertina,4to año,Sí,Al final de cada parcial,En desacuerdo,Ni de acuerdo ni en desacuerdo,En desacuerdo,De acuerdo,En desacuerdo,En desacuerdo,Muy de acuerdo,Disminuye,Ni de acuerdo ni en desacuerdo,En desacuerdo,En desacuerdo,Ni de acuerdo ni en desacuerdo,Ni de acuerdo ni en desacuerdo,Ni de acuerdo ni en desacuerdo,Ni de acuerdo ni en desacuerdo,De acuerdo,Ni de acuerdo ni en desacuerdo,Ni de acuerdo ni en desacuerdo,De acuerdo,En desacuerdo,Ni de acuerdo ni en desacuerdo,Ni de acuerdo ni en desacuerdo,Ni de acuerdo ni en desacuerdo,De acuerdo
2020/04/11 9:22:32 p.m. GMT-5,19 - 22 años,Mujer,Estudio,Soltero,No,Mixta Matutina - Vespertina,3er año,Sí,En los examenes y proyectos finales,Muy en desacuerdo,En desacuerdo,Muy en desacuerdo,En desacuerdo,Muy en desacuerdo,En desacuerdo,Ni de acuerdo ni en desacuerdo,Aumenta,Ni de acuerdo ni en desacuerdo,Ni de acuerdo ni en desacuerdo,De acuerdo,Muy de acuerdo,Ni de acuerdo ni en desacuerdo,Ni de acuerdo ni en desacuerdo,En desacuerdo,De acuerdo,De acuerdo,Ni de acuerdo ni en desacuerdo,De acuerdo,De acuerdo,Ni de acuerdo ni en desacuerdo,En desacuerdo,Ni de acuerdo ni en desacuerdo,Muy en desacuerdo
2020/04/11 9:23:44 p.m. GMT-5,23 - 26 años,Hombre,Estudio,Soltero,No,Matutina,3er año,Sí,Al final de cada parcial,Ni de acuerdo ni en desacuerdo,Muy de acuerdo,Muy de acuerdo,Ni de acuerdo ni en desacuerdo,En desacuerdo,De acuerdo,Muy de acuerdo,Se mantiene,De acuerdo,De acuerdo,Muy de acuerdo,Ni de acuerdo ni en desacuerdo,Muy de acuerdo,Muy de acuerdo,Muy de acuerdo,Muy de acuerdo,Ni de acuerdo ni en desacuerdo,Muy de acuerdo,De acuerdo,Muy de acuerdo,Muy de acuerdo,Ni de acuerdo ni en desacuerdo,Ni de acuerdo ni en desacuerdo,En desacuerdo
2020/04/11 9:24:02 p.m. GMT-5,19 - 22 años,Hombre,Ambas,Soltero,No,Mixta Matutina - Vespertina,3er año,Sí,En los examenes y proyectos finales,En desacuerdo,Muy en desacuerdo,Muy de acuerdo,Muy de acuerdo,Muy en desacuerdo,Muy en desacuerdo,Muy de acuerdo,Disminuye,Muy de acuerdo,Muy de acuerdo,Muy de acuerdo,Muy de acuerdo,Muy de acuerdo,Ni de acuerdo ni en desacuerdo,De acuerdo,De acuerdo,Muy de acuerdo,De acuerdo,De acuerdo,De acuerdo,De acuerdo,En desacuerdo,Ni de acuerdo ni en desacuerdo,Muy en desacuerdo
2020/04/11 9:24:52 p.m. GMT-5,23 - 26 años,Mujer,Estudio,Soltero,No,Mixta Matutina - Vespertina,3er año,Sí,En los examenes y proyectos finales,Ni de acuerdo ni en desacuerdo,Muy en desacuerdo,Ni de acuerdo ni en desacuerdo,Ni de acuerdo ni en desacuerdo,En desacuerdo,En desacuerdo,De acuerdo,Se mantiene,De acuerdo,Muy de acuerdo,De acuerdo,De acuerdo,De acuerdo,Muy de acuerdo,De acuerdo,De acuerdo,Muy de acuerdo,De acuerdo,Muy de acuerdo,Muy de acuerdo,Ni de acuerdo ni en desacuerdo,Ni de acuerdo ni en desacuerdo,Ni de acuerdo ni en desacuerdo,Muy en desacuerdo
2020/04/11 9:26:00 p.m. GMT-5,19 - 22 años,Mujer,Estudio,Soltero,No,Matutina,3er año,Sí,Al final de cada parcial,En desacuerdo,Ni de acuerdo ni en desacuerdo,De acuerdo,De acuerdo,En desacuerdo,En desacuerdo,Ni de acuerdo ni en desacuerdo,Aumenta,En desacuerdo,En desacuerdo,En desacuerdo,De acuerdo,Ni de acuerdo ni en desacuerdo,Ni de acuerdo ni en desacuerdo,Ni de acuerdo ni en desacuerdo,De acuerdo,De acuerdo,Ni de acuerdo ni en desacuerdo,De acuerdo,Ni de acuerdo ni en desacuerdo,Ni de acuerdo ni en desacuerdo,En desacuerdo,En desacuerdo,Ni de acuerdo ni en desacuerdo
2020/04/11 9:26:23 p.m. GMT-5,23 - 26 años,Hombre,Estudio,Soltero,No,Mixta Matutina - Vespertina,3er año,Sí,En los examenes y proyectos finales,Muy de acuerdo,En desacuerdo,En desacuerdo,En desacuerdo,En desacuerdo,En desacuerdo,En desacuerdo,Disminuye,Muy de acuerdo,Muy de acuerdo,Ni de acuerdo ni en desacuerdo,De acuerdo,De acuerdo,De acuerdo,En desacuerdo,De acuerdo,De acuerdo,Ni de acuerdo ni en desacuerdo,Ni de acuerdo ni en desacuerdo,De acuerdo,De acuerdo,En desacuerdo,En desacuerdo,En desacuerdo
2020/04/11 9:26:27 p.m. GMT-5,19 - 22 años,Hombre,Estudio,Soltero,No,Mixta Matutina - Vespertina,3er año,Sí,En los examenes y proyectos finales,Muy de acuerdo,Muy de acuerdo,En desacuerdo,En desacuerdo,Ni de acuerdo ni en desacuerdo,De acuerdo,Muy en desacuerdo,Aumenta,Muy de acuerdo,Muy de acuerdo,En desacuerdo,De acuerdo,En desacuerdo,En desacuerdo,Ni de acuerdo ni en desacuerdo,Ni de acuerdo ni en desacuerdo,Muy de acuerdo,Muy de acuerdo,Muy de acuerdo,Muy de acuerdo,Ni de acuerdo ni en desacuerdo,Ni de acuerdo ni en desacuerdo,Ni de acuerdo ni en desacuerdo,En desacuerdo
2020/04/11 9:28:05 p.m. GMT-5,19 - 22 años,Mujer,Ambas,Soltero,No,Mixta Vespertina - Nocturna,2do año,Sí,En los examenes y proyectos finales,Ni de acuerdo ni en desacuerdo,En desacuerdo,De acuerdo,De acuerdo,Muy en desacuerdo,Muy en desacuerdo,Ni de acuerdo ni en desacuerdo,Disminuye,De acuerdo,Muy de acuerdo,En desacuerdo,De acuerdo,En desacuerdo,En desacuerdo,Ni de acuerdo ni en desacuerdo,En desacuerdo,De acuerdo,De acuerdo,De acuerdo,De acuerdo,En desacuerdo,Ni de acuerdo ni en desacuerdo,En desacuerdo,Ni de acuerdo ni en desacuerdo
2020/04/11 9:28:22 p.m. GMT-5,19 - 22 años,Mujer,Estudio,Soltero,No,Mixta Matutina - Vespertina,3er año,Sí,En los examenes y proyectos finales,En desacuerdo,Muy en desacuerdo,Ni de acuerdo ni en desacuerdo,Ni de acuerdo ni en desacuerdo,En desacuerdo,En desacuerdo,De acuerdo,Disminuye,Ni de acuerdo ni en desacuerdo,Muy de acuerdo,Muy de acuerdo,Ni de acuerdo ni en desacuerdo,Ni de acuerdo ni en desacuerdo,Ni de acuerdo ni en desacuerdo,Ni de acuerdo ni en desacuerdo,Ni de acuerdo ni en desacuerdo,Ni de acuerdo ni en desacuerdo,Ni de acuerdo ni en desacuerdo,Ni de acuerdo ni en desacuerdo,Muy en desacuerdo,Ni de acuerdo ni en desacuerdo,Ni de acuerdo ni en desacuerdo,Ni de acuerdo ni en desacuerdo,Ni de acuerdo ni en desacuerdo
2020/04/11 9:31:54 p.m. GMT-5,19 - 22 años,Hombre,Estudio,Soltero,No,Matutina,3er año,Sí,En los examenes y proyectos finales,Muy de acuerdo,Muy de acuerdo,De acuerdo,Ni de acuerdo ni en desacuerdo,En desacuerdo,De acuerdo,Ni de acuerdo ni en desacuerdo,Disminuye,Muy de acuerdo,De acuerdo,Ni de acuerdo ni en desacuerdo,De acuerdo,Ni de acuerdo ni en desacuerdo,Ni de acuerdo ni en desacuerdo,Ni de acuerdo ni en desacuerdo,De acuerdo,Ni de acuerdo ni en desacuerdo,Ni de acuerdo ni en desacuerdo,Ni de acuerdo ni en desacuerdo,Ni de acuerdo ni en desacuerdo,Ni de acuerdo ni en desacuerdo,Ni de acuerdo ni en desacuerdo,Ni de acuerdo ni en desacuerdo,Ni de acuerdo ni en desacuerdo
2020/04/11 9:35:55 p.m. GMT-5,23 - 26 años,Mujer,Estudio,Soltero,No,Mixta Vespertina - Nocturna,ultimo año,Sí,En los examenes y proyectos finales,Muy de acuerdo,Muy de acuerdo,Muy de acuerdo,Muy de acuerdo,Muy de acuerdo,Muy de acuerdo,Muy de acuerdo,Aumenta,Muy de acuerdo,Muy de acuerdo,Muy de acuerdo,Muy de acuerdo,Muy de acuerdo,Muy de acuerdo,Muy de acuerdo,Muy de acuerdo,Muy de acuerdo,Muy de acuerdo,Muy de acuerdo,Muy de acuerdo,Muy de acuerdo,Muy de acuerdo,Muy de acuerdo,Muy en desacuerdo
2020/04/11 9:40:53 p.m. GMT-5,19 - 22 años,Mujer,Estudio,Soltero,No,Mixta Matutina - Vespertina,4to año,Sí,En los examenes y proyectos finales,En desacuerdo,De acuerdo,De acuerdo,De acuerdo,Muy en desacuerdo,En desacuerdo,Ni de acuerdo ni en desacuerdo,Disminuye,De acuerdo,De acuerdo,De acuerdo,De acuerdo,De acuerdo,De acuerdo,De acuerdo,De acuerdo,De acuerdo,De acuerdo,En desacuerdo,De acuerdo,De acuerdo,En desacuerdo,Muy en desacuerdo,En desacuerdo
2020/04/11 9:45:49 p.m. GMT-5,19 - 22 años,Hombre,Estudio,Soltero,No,Vespertina,2do año,Sí,En los examenes y proyectos finales,Muy de acuerdo,Muy de acuerdo,De acuerdo,De acuerdo,Ni de acuerdo ni en desacuerdo,Muy de acuerdo,De acuerdo,Disminuye,De acuerdo,De acuerdo,Muy de acuerdo,Muy de acuerdo,De acuerdo,Muy de acuerdo,Muy de acuerdo,Muy de acuerdo,De acuerdo,Muy de acuerdo,De acuerdo,Muy de acuerdo,De acuerdo,De acuerdo,De acuerdo,Ni de acuerdo ni en desacuerdo
2020/04/11 9:50:37 p.m. GMT-5,19 - 22 años,Mujer,Estudio,Soltero,No,Mixta Matutina - Vespertina,3er año,Sí,Al final de cada parcial,Muy de acuerdo,Muy de acuerdo,De acuerdo,En desacuerdo,En desacuerdo,Muy de acuerdo,De acuerdo,Se mantiene,De acuerdo,De acuerdo,Muy de acuerdo,Muy de acuerdo,Ni de acuerdo ni en desacuerdo,Ni de acuerdo ni en desacuerdo,De acuerdo,Muy de acuerdo,Muy de acuerdo,De acuerdo,Muy de acuerdo,Muy de acuerdo,Muy de acuerdo,En desacuerdo,En desacuerdo,En desacuerdo
2020/04/11 9:58:11 p.m. GMT-5,19 - 22 años,Mujer,Estudio,Soltero,No,Matutina,2do año,Sí,En los examenes y proyectos finales,En desacuerdo,Ni de acuerdo ni en desacuerdo,Ni de acuerdo ni en desacuerdo,De acuerdo,En desacuerdo,En desacuerdo,De acuerdo,Se mantiene,Ni de acuerdo ni en desacuerdo,Ni de acuerdo ni en desacuerdo,Ni de acuerdo ni en desacuerdo,Ni de acuerdo ni en desacuerdo,Muy de acuerdo,Ni de acuerdo ni en desacuerdo,Ni de acuerdo ni en desacuerdo,De acuerdo,De acuerdo,De acuerdo,Ni de acuerdo ni en desacuerdo,Muy de acuerdo,En desacuerdo,En desacuerdo,En desacuerdo,De acuerdo
2020/04/11 10:01:11 p.m. GMT-5,19 - 22 años,Mujer,Estudio,Soltero,No,Mixta Matutina - Vespertina,2do año,Sí,Al final de cada parcial,En desacuerdo,En desacuerdo,Ni de acuerdo ni en desacuerdo,Ni de acuerdo ni en desacuerdo,Muy de acuerdo,Muy en desacuerdo,Ni de acuerdo ni en desacuerdo,Disminuye,De acuerdo,De acuerdo,Muy de acuerdo,Muy de acuerdo,Muy de acuerdo,Muy de acuerdo,De acuerdo,De acuerdo,Muy de acuerdo,De acuerdo,De acuerdo,Muy de acuerdo,En desacuerdo,En desacuerdo,Ni de acuerdo ni en desacuerdo,Ni de acuerdo ni en desacuerdo
2020/04/11 10:08:15 p.m. GMT-5,23 - 26 años,Mujer,Estudio,Soltero,No,Mixta Matutina - Vespertina,4to año,Sí,Al final de cada parcial,Muy de acuerdo,Muy de acuerdo,En desacuerdo,En desacuerdo,De acuerdo,Muy de acuerdo,Ni de acuerdo ni en desacuerdo,Disminuye,Muy de acuerdo,De acuerdo,Ni de acuerdo ni en desacuerdo,Ni de acuerdo ni en desacuerdo,En desacuerdo,En desacuerdo,Ni de acuerdo ni en desacuerdo,De acuerdo,De acuerdo,De acuerdo,De acuerdo,Ni de acuerdo ni en desacuerdo,Ni de acuerdo ni en desacuerdo,En desacuerdo,En desacuerdo,En desacuerdo
2020/04/11 10:16:33 p.m. GMT-5,23 - 26 años,Mujer,Estudio,Soltero,No,Mixta Matutina - Vespertina,ultimo año,Sí,En los examenes y proyectos finales,Muy de acuerdo,Ni de acuerdo ni en desacuerdo,Ni de acuerdo ni en desacuerdo,Muy en desacuerdo,Muy en desacuerdo,Muy en desacuerdo,Muy en desacuerdo,Se mantiene,Ni de acuerdo ni en desacuerdo,De acuerdo,En desacuerdo,En desacuerdo,En desacuerdo,En desacuerdo,En desacuerdo,En desacuerdo,Ni de acuerdo ni en desacuerdo,Ni de acuerdo ni en desacuerdo,Ni de acuerdo ni en desacuerdo,En desacuerdo,En desacuerdo,En desacuerdo,En desacuerdo,Muy en desacuerdo
2020/04/11 10:31:12 p.m. GMT-5,27 - 30 años,Hombre,Ambas,Casado,No,Mixta Vespertina - Nocturna,3er año,Sí,Al final de cada parcial,De acuerdo,De acuerdo,En desacuerdo,En desacuerdo,De acuerdo,De acuerdo,Ni de acuerdo ni en desacuerdo,Se mantiene,De acuerdo,Ni de acuerdo ni en desacuerdo,En desacuerdo,En desacuerdo,En desacuerdo,En desacuerdo,Ni de acuerdo ni en desacuerdo,Ni de acuerdo ni en desacuerdo,De acuerdo,De acuerdo,De acuerdo,En desacuerdo,En desacuerdo,En desacuerdo,Ni de acuerdo ni en desacuerdo,De acuerdo
2020/04/11 10:35:04 p.m. GMT-5,19 - 22 años,Hombre,Estudio,Soltero,No,Mixta Matutina - Vespertina,2do año,Sí,En los examenes y proyectos finales,Muy de acuerdo,De acuerdo,Ni de acuerdo ni en desacuerdo,En desacuerdo,De acuerdo,De acuerdo,De acuerdo,Se mantiene,Muy de acuerdo,En desacuerdo,Muy en desacuerdo,Ni de acuerdo ni en desacuerdo,Ni de acuerdo ni en desacuerdo,Ni de acuerdo ni en desacuerdo,De acuerdo,Ni de acuerdo ni en desacuerdo,De acuerdo,De acuerdo,Muy de acuerdo,Muy en desacuerdo,Ni de acuerdo ni en desacuerdo,En desacuerdo,Ni de acuerdo ni en desacuerdo,Muy de acuerdo
2020/04/11 10:40:25 p.m. GMT-5,19 - 22 años,Hombre,Estudio,Otro,No,Mixta Matutina - Vespertina,2do año,Sí,En los examenes y proyectos finales,Ni de acuerdo ni en desacuerdo,De acuerdo,Muy de acuerdo,Muy de acuerdo,En desacuerdo,Muy en desacuerdo,Ni de acuerdo ni en desacuerdo,Disminuye,De acuerdo,En desacuerdo,Ni de acuerdo ni en desacuerdo,De acuerdo,En desacuerdo,En desacuerdo,En desacuerdo,En desacuerdo,De acuerdo,Ni de acuerdo ni en desacuerdo,De acuerdo,De acuerdo,Ni de acuerdo ni en desacuerdo,En desacuerdo,De acuerdo,Ni de acuerdo ni en desacuerdo
2020/04/11 11:30:43 p.m. GMT-5,19 - 22 años,Mujer,Estudio,Soltero,No,Mixta Matutina - Vespertina,4to año,Sí,Al final de cada parcial,De acuerdo,Muy de acuerdo,Muy en desacuerdo,Muy en desacuerdo,Ni de acuerdo ni en desacuerdo,Muy de acuerdo,Muy de acuerdo,Aumenta,De acuerdo,Muy de acuerdo,Muy de acuerdo,Muy de acuerdo,Muy de acuerdo,Muy de acuerdo,Muy de acuerdo,Muy de acuerdo,Muy de acuerdo,Ni de acuerdo ni en desacuerdo,De acuerdo,Muy de acuerdo,Muy de acuerdo,Muy en desacuerdo,Muy de acuerdo,En desacuerdo
2020/04/11 11:31:32 p.m. GMT-5,27 - 30 años,Hombre,Estudio,Casado,No,Mixta Matutina - Vespertina,3er año,Sí,Al final de cada parcial,De acuerdo,En desacuerdo,En desacuerdo,De acuerdo,En desacuerdo,En desacuerdo,Muy de acuerdo,Se mantiene,De acuerdo,Muy de acuerdo,En desacuerdo,Muy en desacuerdo,Muy en desacuerdo,Muy en desacuerdo,Muy en desacuerdo,Muy en desacuerdo,Muy en desacuerdo,Ni de acuerdo ni en desacuerdo,Muy en desacuerdo,En desacuerdo,En desacuerdo,Muy en desacuerdo,En desacuerdo,En desacuerdo
2020/04/11 11:42:45 p.m. GMT-5,23 - 26 años,Mujer,Estudio,Soltero,No,Mixta Vespertina - Nocturna,3er año,Sí,Al final de cada parcial,Muy de acuerdo,Muy de acuerdo,De acuerdo,Ni de acuerdo ni en desacuerdo,De acuerdo,De acuerdo,De acuerdo,Aumenta,Muy de acuerdo,De acuerdo,Ni de acuerdo ni en desacuerdo,De acuerdo,Muy de acuerdo,Muy de acuerdo,Ni de acuerdo ni en desacuerdo,Muy de acuerdo,Muy de acuerdo,Muy de acuerdo,Ni de acuerdo ni en desacuerdo,Muy de acuerdo,De acuerdo,En desacuerdo,En desacuerdo,De acuerdo
2020/04/12 12:16:59 a.m. GMT-5,23 - 26 años,Hombre,Trabajo,Soltero,No,Mixta Matutina - Vespertina,ultimo año,Sí,En los examenes y proyectos finales,En desacuerdo,En desacuerdo,En desacuerdo,De acuerdo,En desacuerdo,En desacuerdo,De acuerdo,Aumenta,Muy de acuerdo,Muy de acuerdo,Muy de acuerdo,Muy de acuerdo,De acuerdo,Muy de acuerdo,Muy de acuerdo,Muy de acuerdo,Muy de acuerdo,Muy de acuerdo,Muy de acuerdo,Muy de acuerdo,De acuerdo,De acuerdo,De acuerdo,De acuerdo
2020/04/12 12:24:17 a.m. GMT-5,19 - 22 años,Hombre,Estudio,Otro,No,Mixta Matutina - Vespertina,3er año,Sí,En los examenes y proyectos finales,En desacuerdo,En desacuerdo,Muy de acuerdo,Muy de acuerdo,Muy en desacuerdo,Muy en desacuerdo,De acuerdo,Se mantiene,Ni de acuerdo ni en desacuerdo,Ni de acuerdo ni en desacuerdo,Muy en desacuerdo,Ni de acuerdo ni en desacuerdo,Ni de acuerdo ni en desacuerdo,Ni de acuerdo ni en desacuerdo,Ni de acuerdo ni en desacuerdo,En desacuerdo,Ni de acuerdo ni en desacuerdo,Ni de acuerdo ni en desacuerdo,Ni de acuerdo ni en desacuerdo,Ni de acuerdo ni en desacuerdo,De acuerdo,Ni de acuerdo ni en desacuerdo,Ni de acuerdo ni en desacuerdo,De acuerdo
2020/04/12 12:39:02 a.m. GMT-5,19 - 22 años,Hombre,Estudio,Soltero,No,Mixta Matutina - Vespertina,3er año,Sí,En los examenes y proyectos finales,Ni de acuerdo ni en desacuerdo,En desacuerdo,De acuerdo,De acuerdo,En desacuerdo,Ni de acuerdo ni en desacuerdo,De acuerdo,Se mantiene,Ni de acuerdo ni en desacuerdo,Ni de acuerdo ni en desacuerdo,En desacuerdo,Ni de acuerdo ni en desacuerdo,En desacuerdo,Ni de acuerdo ni en desacuerdo,Ni de acuerdo ni en desacuerdo,De acuerdo,De acuerdo,Ni de acuerdo ni en desacuerdo,De acuerdo,Ni de acuerdo ni en desacuerdo,Ni de acuerdo ni en desacuerdo,En desacuerdo,De acuerdo,Muy en desacuerdo
2020/04/12 1:40:13 a.m. GMT-5,23 - 26 años,Mujer,Estudio,Soltero,No,Mixta Matutina - Vespertina,5to año,Sí,En los examenes y proyectos finales,Muy de acuerdo,Muy de acuerdo,Muy de acuerdo,Muy de acuerdo,Ni de acuerdo ni en desacuerdo,Muy de acuerdo,Muy de acuerdo,Aumenta,De acuerdo,De acuerdo,De acuerdo,De acuerdo,De acuerdo,De acuerdo,Muy de acuerdo,De acuerdo,De acuerdo,De acuerdo,De acuerdo,De acuerdo,De acuerdo,De acuerdo,De acuerdo,Ni de acuerdo ni en desacuerdo
2020/04/12 5:30:02 p.m. GMT-5,19 - 22 años,Mujer,Estudio,Soltero,No,Mixta Matutina - Vespertina,3er año,Sí,En los examenes y proyectos finales,Muy de acuerdo,Muy de acuerdo,Muy de acuerdo,Muy de acuerdo,Muy de acuerdo,Muy de acuerdo,Muy de acuerdo,Aumenta,Muy de acuerdo,Muy de acuerdo,Muy de acuerdo,Muy de acuerdo,Muy de acuerdo,Muy de acuerdo,Muy de acuerdo,Muy de acuerdo,Muy de acuerdo,Muy de acuerdo,Muy de acuerdo,Muy de acuerdo,Muy de acuerdo,Muy de acuerdo,Muy de acuerdo,Muy de acuerdo
2020/04/12 5:31:22 p.m. GMT-5,23 - 26 años,Hombre,Estudio,Soltero,No,Vespertina,ultimo año,Sí,En los examenes y proyectos finales,Ni de acuerdo ni en desacuerdo,Ni de acuerdo ni en desacuerdo,De acuerdo,Muy de acuerdo,Muy en desacuerdo,En desacuerdo,Ni de acuerdo ni en desacuerdo,Disminuye,De acuerdo,Ni de acuerdo ni en desacuerdo,De acuerdo,De acuerdo,De acuerdo,Ni de acuerdo ni en desacuerdo,De acuerdo,Ni de acuerdo ni en desacuerdo,Ni de acuerdo ni en desacuerdo,De acuerdo,De acuerdo,Ni de acuerdo ni en desacuerdo,Ni de acuerdo ni en desacuerdo,En desacuerdo,En desacuerdo,Muy en desacuerdo
2020/04/12 5:33:57 p.m. GMT-5,19 - 22 años,Hombre,Estudio,Soltero,No,Mixta Matutina - Vespertina,5to año,Sí,En los examenes y proyectos finales,De acuerdo,De acuerdo,En desacuerdo,Ni de acuerdo ni en desacuerdo,Muy en desacuerdo,En desacuerdo,Ni de acuerdo ni en desacuerdo,Se mantiene,En desacuerdo,De acuerdo,De acuerdo,Ni de acuerdo ni en desacuerdo,En desacuerdo,Muy en desacuerdo,Muy en desacuerdo,En desacuerdo,De acuerdo,Ni de acuerdo ni en desacuerdo,De acuerdo,De acuerdo,Ni de acuerdo ni en desacuerdo,En desacuerdo,En desacuerdo,En desacuerdo
2020/04/12 5:35:44 p.m. GMT-5,19 - 22 años,Mujer,Estudio,Soltero,No,Mixta Matutina - Vespertina,3er año,Sí,En los examenes y proyectos finales,Muy de acuerdo,De acuerdo,De acuerdo,Ni de acuerdo ni en desacuerdo,Ni de acuerdo ni en desacuerdo,De acuerdo,Ni de acuerdo ni en desacuerdo,Se mantiene,Muy de acuerdo,Muy de acuerdo,De acuerdo,De acuerdo,En desacuerdo,En desacuerdo,Ni de acuerdo ni en desacuerdo,De acuerdo,Muy de acuerdo,De acuerdo,Muy de acuerdo,De acuerdo,Ni de acuerdo ni en desacuerdo,Muy en desacuerdo,En desacuerdo,En desacuerdo
2020/04/12 5:40:50 p.m. GMT-5,23 - 26 años,Mujer,Estudio,Soltero,No,Mixta Matutina - Vespertina,4to año,Sí,Al final de cada parcial,Ni de acuerdo ni en desacuerdo,Ni de acuerdo ni en desacuerdo,Muy de acuerdo,Ni de acuerdo ni en desacuerdo,Ni de acuerdo ni en desacuerdo,Ni de acuerdo ni en desacuerdo,De acuerdo,Disminuye,Ni de acuerdo ni en desacuerdo,De acuerdo,De acuerdo,De acuerdo,De acuerdo,De acuerdo,De acuerdo,De acuerdo,De acuerdo,Muy de acuerdo,De acuerdo,Ni de acuerdo ni en desacuerdo,De acuerdo,Ni de acuerdo ni en desacuerdo,Ni de acuerdo ni en desacuerdo,De acuerdo
2020/04/12 5:54:28 p.m. GMT-5,23 - 26 años,Hombre,Estudio,Soltero,No,Mixta Matutina - Vespertina,4to año,Sí,En los examenes y proyectos finales,En desacuerdo,Ni de acuerdo ni en desacuerdo,Ni de acuerdo ni en desacuerdo,Ni de acuerdo ni en desacuerdo,Muy de acuerdo,Muy de acuerdo,Muy de acuerdo,Aumenta,Muy de acuerdo,Muy de acuerdo,Muy de acuerdo,Muy de acuerdo,Ni de acuerdo ni en desacuerdo,Ni de acuerdo ni en desacuerdo,De acuerdo,Muy de acuerdo,De acuerdo,Ni de acuerdo ni en desacuerdo,De acuerdo,Ni de acuerdo ni en desacuerdo,De acuerdo,Ni de acuerdo ni en desacuerdo,Ni de acuerdo ni en desacuerdo,Ni de acuerdo ni en desacuerdo
2020/04/12 6:17:24 p.m. GMT-5,19 - 22 años,Mujer,Estudio,Soltero,No,Mixta Vespertina - Nocturna,4to año,Sí,Al iniciar el periodo,De acuerdo,En desacuerdo,Muy de acuerdo,Ni de acuerdo ni en desacuerdo,Muy de acuerdo,De acuerdo,Muy de acuerdo,Disminuye,Muy de acuerdo,Muy de acuerdo,Muy en desacuerdo,De acuerdo,Muy de acuerdo,De acuerdo,Muy de acuerdo,Muy de acuerdo,Muy de acuerdo,Muy de acuerdo,Muy de acuerdo,Muy de acuerdo,Ni de acuerdo ni en desacuerdo,En desacuerdo,En desacuerdo,Muy de acuerdo
2020/04/12 6:28:08 p.m. GMT-5,19 - 22 años,Hombre,Estudio,Soltero,No,Mixta Matutina - Vespertina,3er año,Sí,En los examenes y proyectos finales,De acuerdo,Muy de acuerdo,Muy de acuerdo,Muy de acuerdo,Ni de acuerdo ni en desacuerdo,De acuerdo,Muy de acuerdo,Disminuye,Ni de acuerdo ni en desacuerdo,Ni de acuerdo ni en desacuerdo,De acuerdo,Ni de acuerdo ni en desacuerdo,De acuerdo,Ni de acuerdo ni en desacuerdo,De acuerdo,Ni de acuerdo ni en desacuerdo,Muy de acuerdo,De acuerdo,Muy de acuerdo,Muy de acuerdo,De acuerdo,Ni de acuerdo ni en desacuerdo,Ni de acuerdo ni en desacuerdo,Ni de acuerdo ni en desacuerdo
2020/04/12 6:37:26 p.m. GMT-5,23 - 26 años,Hombre,Estudio,Soltero,No,Mixta Vespertina - Nocturna,ultimo año,Sí,Al final de cada parcial,En desacuerdo,En desacuerdo,De acuerdo,De acuerdo,Muy en desacuerdo,En desacuerdo,De acuerdo,Se mantiene,De acuerdo,Ni de acuerdo ni en desacuerdo,Ni de acuerdo ni en desacuerdo,Ni de acuerdo ni en desacuerdo,De acuerdo,Ni de acuerdo ni en desacuerdo,Ni de acuerdo ni en desacuerdo,Ni de acuerdo ni en desacuerdo,Ni de acuerdo ni en desacuerdo,De acuerdo,Ni de acuerdo ni en desacuerdo,De acuerdo,Ni de acuerdo ni en desacuerdo,Ni de acuerdo ni en desacuerdo,Ni de acuerdo ni en desacuerdo,Muy en desacuerdo
2020/04/12 7:11:46 p.m. GMT-5,23 - 26 años,Hombre,Estudio,Soltero,Sí,Mixta Vespertina - Nocturna,ultimo año,Sí,En los examenes y proyectos finales,Muy de acuerdo,De acuerdo,Muy de acuerdo,De acuerdo,Ni de acuerdo ni en desacuerdo,Ni de acuerdo ni en desacuerdo,Ni de acuerdo ni en desacuerdo,Disminuye,De acuerdo,Ni de acuerdo ni en desacuerdo,De acuerdo,Ni de acuerdo ni en desacuerdo,Ni de acuerdo ni en desacuerdo,De acuerdo,Muy de acuerdo,Muy de acuerdo,Muy de acuerdo,Muy de acuerdo,Ni de acuerdo ni en desacuerdo,Muy en desacuerdo,Ni de acuerdo ni en desacuerdo,Ni de acuerdo ni en desacuerdo,En desacuerdo,Muy en desacuerdo
2020/04/12 7:14:48 p.m. GMT-5,19 - 22 años,Mujer,Estudio,Soltero,No,Mixta Matutina - Vespertina,4to año,Sí,En los examenes y proyectos finales,Muy de acuerdo,Muy de acuerdo,Muy de acuerdo,Ni de acuerdo ni en desacuerdo,Ni de acuerdo ni en desacuerdo,Muy de acuerdo,Muy de acuerdo,Disminuye,Muy de acuerdo,De acuerdo,Muy de acuerdo,De acuerdo,En desacuerdo,Muy de acuerdo,De acuerdo,De acuerdo,De acuerdo,De acuerdo,En desacuerdo,Ni de acuerdo ni en desacuerdo,Ni de acuerdo ni en desacuerdo,En desacuerdo,En desacuerdo,Muy en desacuerdo
2020/04/12 7:21:42 p.m. GMT-5,19 - 22 años,Mujer,Estudio,Soltero,No,Mixta Matutina - Vespertina,3er año,Sí,Al iniciar el periodo,En desacuerdo,En desacuerdo,Muy en desacuerdo,Muy en desacuerdo,Ni de acuerdo ni en desacuerdo,Ni de acuerdo ni en desacuerdo,Ni de acuerdo ni en desacuerdo,Disminuye,Muy de acuerdo,Muy de acuerdo,Muy de acuerdo,De acuerdo,De acuerdo,De acuerdo,De acuerdo,De acuerdo,Muy en desacuerdo,De acuerdo,Muy de acuerdo,De acuerdo,De acuerdo,Ni de acuerdo ni en desacuerdo,En desacuerdo,Muy en desacuerdo
2020/04/12 8:02:20 p.m. GMT-5,23 - 26 años,Mujer,Estudio,Soltero,No,Mixta Matutina - Vespertina,ultimo año,Sí,En los examenes y proyectos finales,Muy de acuerdo,Ni de acuerdo ni en desacuerdo,De acuerdo,De acuerdo,De acuerdo,De acuerdo,Ni de acuerdo ni en desacuerdo,Aumenta,De acuerdo,De acuerdo,Ni de acuerdo ni en desacuerdo,Muy de acuerdo,Ni de acuerdo ni en desacuerdo,Ni de acuerdo ni en desacuerdo,De acuerdo,De acuerdo,Muy de acuerdo,Ni de acuerdo ni en desacuerdo,De acuerdo,En desacuerdo,Muy en desacuerdo,Muy en desacuerdo,En desacuerdo,Muy en desacuerdo
2020/04/12 8:06:59 p.m. GMT-5,23 - 26 años,Mujer,Estudio,Soltero,Sí,Mixta Matutina - Vespertina,ultimo año,Sí,En los examenes y proyectos finales,Muy de acuerdo,De acuerdo,Ni de acuerdo ni en desacuerdo,Ni de acuerdo ni en desacuerdo,Ni de acuerdo ni en desacuerdo,Ni de acuerdo ni en desacuerdo,Ni de acuerdo ni en desacuerdo,Se mantiene,Ni de acuerdo ni en desacuerdo,Ni de acuerdo ni en desacuerdo,En desacuerdo,De acuerdo,En desacuerdo,En desacuerdo,Ni de acuerdo ni en desacuerdo,Ni de acuerdo ni en desacuerdo,De acuerdo,Ni de acuerdo ni en desacuerdo,Ni de acuerdo ni en desacuerdo,De acuerdo,Ni de acuerdo ni en desacuerdo,Ni de acuerdo ni en desacuerdo,Ni de acuerdo ni en desacuerdo,Ni de acuerdo ni en desacuerdo
2020/04/12 8:15:44 p.m. GMT-5,23 - 26 años,Hombre,Estudio,Soltero,Sí,Vespertina,ultimo año,Sí,En los examenes y proyectos finales,De acuerdo,De acuerdo,De acuerdo,De acuerdo,En desacuerdo,De acuerdo,En desacuerdo,Se mantiene,De acuerdo,Ni de acuerdo ni en desacuerdo,De acuerdo,En desacuerdo,En desacuerdo,En desacuerdo,En desacuerdo,En desacuerdo,De acuerdo,De acuerdo,De acuerdo,En desacuerdo,En desacuerdo,En desacuerdo,Ni de acuerdo ni en desacuerdo,En desacuerdo
2020/04/12 8:19:17 p.m. GMT-5,19 - 22 años,Mujer,Estudio,Soltero,No,Mixta Vespertina - Nocturna,5to año,Sí,Al final de cada parcial,En desacuerdo,En desacuerdo,Ni de acuerdo ni en desacuerdo,Ni de acuerdo ni en desacuerdo,Muy en desacuerdo,En desacuerdo,Muy de acuerdo,Disminuye,De acuerdo,De acuerdo,De acuerdo,Muy de acuerdo,Muy de acuerdo,Muy de acuerdo,Muy de acuerdo,Muy de acuerdo,Muy de acuerdo,Muy de acuerdo,Muy de acuerdo,Muy de acuerdo,Muy de acuerdo,Muy de acuerdo,Muy de acuerdo,En desacuerdo
2020/04/12 9:25:55 p.m. GMT-5,27 - 30 años,Mujer,Estudio,Soltero,No,Matutina,4to año,Sí,Al iniciar el periodo,De acuerdo,De acuerdo,Ni de acuerdo ni en desacuerdo,Ni de acuerdo ni en desacuerdo,Ni de acuerdo ni en desacuerdo,Ni de acuerdo ni en desacuerdo,Ni de acuerdo ni en desacuerdo,Disminuye,De acuerdo,De acuerdo,De acuerdo,De acuerdo,Muy de acuerdo,De acuerdo,De acuerdo,Muy de acuerdo,De acuerdo,Muy de acuerdo,Ni de acuerdo ni en desacuerdo,De acuerdo,Ni de acuerdo ni en desacuerdo,Ni de acuerdo ni en desacuerdo,De acuerdo,Ni de acuerdo ni en desacuerdo
2020/04/12 9:36:34 p.m. GMT-5,menor de 18 años,Mujer,Estudio,Soltero,No,Mixta Matutina - Vespertina,1er año,Sí,En los examenes y proyectos finales,En desacuerdo,En desacuerdo,De acuerdo,De acuerdo,Muy de acuerdo,Muy de acuerdo,Ni de acuerdo ni en desacuerdo,Se mantiene,Muy de acuerdo,Muy de acuerdo,En desacuerdo,En desacuerdo,En desacuerdo,Muy en desacuerdo,En desacuerdo,En desacuerdo,Ni de acuerdo ni en desacuerdo,En desacuerdo,Muy en desacuerdo,En desacuerdo,En desacuerdo,En desacuerdo,En desacuerdo,En desacuerdo
2020/04/12 9:37:09 p.m. GMT-5,27 - 30 años,Hombre,Estudio,Soltero,No,Mixta Matutina - Vespertina,ultimo año,Sí,En los examenes y proyectos finales,Muy en desacuerdo,Muy en desacuerdo,Ni de acuerdo ni en desacuerdo,Ni de acuerdo ni en desacuerdo,Muy en desacuerdo,De acuerdo,En desacuerdo,Disminuye,De acuerdo,Muy de acuerdo,De acuerdo,Muy de acuerdo,Muy de acuerdo,Muy de acuerdo,Muy de acuerdo,Muy de acuerdo,Muy de acuerdo,Muy de acuerdo,Muy de acuerdo,Muy de acuerdo,Muy de acuerdo,Muy de acuerdo,Muy de acuerdo,Muy de acuerdo
2020/04/12 9:54:26 p.m. GMT-5,19 - 22 años,Mujer,Estudio,Soltero,No,Matutina,2do año,Sí,Al final de cada parcial,Ni de acuerdo ni en desacuerdo,Ni de acuerdo ni en desacuerdo,Muy de acuerdo,Muy de acuerdo,En desacuerdo,En desacuerdo,Muy de acuerdo,Se mantiene,De acuerdo,De acuerdo,En desacuerdo,En desacuerdo,En desacuerdo,En desacuerdo,Ni de acuerdo ni en desacuerdo,En desacuerdo,De acuerdo,En desacuerdo,En desacuerdo,En desacuerdo,En desacuerdo,En desacuerdo,En desacuerdo,Muy en desacuerdo
2020/04/12 9:55:07 p.m. GMT-5,23 - 26 años,Hombre,Estudio,Soltero,No,Mixta Matutina - Vespertina,4to año,Sí,En los examenes y proyectos finales,En desacuerdo,Muy en desacuerdo,En desacuerdo,De acuerdo,Muy en desacuerdo,Muy en desacuerdo,Muy de acuerdo,Disminuye,Muy de acuerdo,De acuerdo,Muy de acuerdo,De acuerdo,Muy de acuerdo,Muy de acuerdo,Muy de acuerdo,De acuerdo,Muy de acuerdo,Muy de acuerdo,Muy de acuerdo,Muy de acuerdo,De acuerdo,Muy de acuerdo,Muy de acuerdo,Muy de acuerdo
2020/04/12 10:01:27 p.m. GMT-5,19 - 22 años,Mujer,Estudio,Soltero,No,Mixta Matutina - Vespertina,4to año,Sí,Al final de cada parcial,Ni de acuerdo ni en desacuerdo,En desacuerdo,De acuerdo,Muy de acuerdo,Muy en desacuerdo,En desacuerdo,De acuerdo,Disminuye,De acuerdo,Muy de acuerdo,En desacuerdo,De acuerdo,Muy de acuerdo,De acuerdo,De acuerdo,De acuerdo,Muy de acuerdo,Muy de acuerdo,Ni de acuerdo ni en desacuerdo,Ni de acuerdo ni en desacuerdo,De acuerdo,De acuerdo,Muy de acuerdo,De acuerdo
2020/04/12 10:55:22 p.m. GMT-5,23 - 26 años,Hombre,Estudio,Soltero,No,Mixta Matutina - Vespertina,ultimo año,Sí,Al final de cada parcial,Muy de acuerdo,Muy de acuerdo,Ni de acuerdo ni en desacuerdo,Ni de acuerdo ni en desacuerdo,De acuerdo,Muy de acuerdo,Muy de acuerdo,Disminuye,Muy de acuerdo,De acuerdo,Muy de acuerdo,De acuerdo,De acuerdo,De acuerdo,De acuerdo,De acuerdo,De acuerdo,De acuerdo,Muy de acuerdo,De acuerdo,Muy de acuerdo,De acuerdo,De acuerdo,Muy en desacuerdo
2020/04/12 11:04:19 p.m. GMT-5,23 - 26 años,Mujer,Ambas,Casado,No,Nocturna,ultimo año,Sí,En los examenes y proyectos finales,Muy de acuerdo,Muy de acuerdo,Muy de acuerdo,Muy de acuerdo,Muy de acuerdo,Muy de acuerdo,Muy de acuerdo,Aumenta,Muy de acuerdo,Muy de acuerdo,Muy de acuerdo,Muy de acuerdo,Muy de acuerdo,Muy de acuerdo,Muy de acuerdo,Muy de acuerdo,Muy de acuerdo,Muy de acuerdo,Muy de acuerdo,Muy de acuerdo,Muy de acuerdo,Muy de acuerdo,Muy de acuerdo,Muy de acuerdo
2020/04/12 11:23:50 p.m. GMT-5,23 - 26 años,Hombre,Ambas,Soltero,No,Mixta Vespertina - Nocturna,4to año,Sí,En los examenes y proyectos finales,En desacuerdo,Ni de acuerdo ni en desacuerdo,Muy de acuerdo,Muy de acuerdo,Muy en desacuerdo,Muy en desacuerdo,De acuerdo,Se mantiene,Ni de acuerdo ni en desacuerdo,De acuerdo,De acuerdo,De acuerdo,De acuerdo,De acuerdo,Muy de acuerdo,En desacuerdo,De acuerdo,Muy de acuerdo,De acuerdo,De acuerdo,Muy de acuerdo,De acuerdo,De acuerdo,Muy de acuerdo
2020/04/12 11:29:00 p.m. GMT-5,19 - 22 años,Mujer,Estudio,Soltero,No,Mixta Matutina - Vespertina,4to año,Sí,En los examenes y proyectos finales,De acuerdo,De acuerdo,Muy de acuerdo,Muy de acuerdo,Muy de acuerdo,Muy de acuerdo,Muy de acuerdo,Disminuye,Muy de acuerdo,Muy de acuerdo,Muy de acuerdo,Muy de acuerdo,Muy de acuerdo,Muy de acuerdo,Muy de acuerdo,Muy de acuerdo,Muy de acuerdo,Muy de acuerdo,Muy de acuerdo,Muy de acuerdo,Muy de acuerdo,Muy de acuerdo,Muy de acuerdo,Muy de acuerdo
2020/04/12 11:36:50 p.m. GMT-5,23 - 26 años,Mujer,Ambas,Soltero,No,Nocturna,ultimo año,Sí,En los examenes y proyectos finales,En desacuerdo,Muy en desacuerdo,Ni de acuerdo ni en desacuerdo,Muy en desacuerdo,Ni de acuerdo ni en desacuerdo,Muy en desacuerdo,Muy en desacuerdo,Disminuye,Muy en desacuerdo,Muy en desacuerdo,Muy en desacuerdo,Ni de acuerdo ni en desacuerdo,Ni de acuerdo ni en desacuerdo,Ni de acuerdo ni en desacuerdo,Ni de acuerdo ni en desacuerdo,Ni de acuerdo ni en desacuerdo,Ni de acuerdo ni en desacuerdo,Ni de acuerdo ni en desacuerdo,Ni de acuerdo ni en desacuerdo,Ni de acuerdo ni en desacuerdo,Ni de acuerdo ni en desacuerdo,Muy en desacuerdo,Ni de acuerdo ni en desacuerdo,Ni de acuerdo ni en desacuerdo
2020/04/12 11:50:58 p.m. GMT-5,23 - 26 años,Mujer,Ambas,Soltero,No,Nocturna,ultimo año,Sí,En los examenes y proyectos finales,En desacuerdo,Muy en desacuerdo,Ni de acuerdo ni en desacuerdo,Muy en desacuerdo,Ni de acuerdo ni en desacuerdo,Muy en desacuerdo,Muy en desacuerdo,Disminuye,Muy en desacuerdo,Muy en desacuerdo,Muy en desacuerdo,Ni de acuerdo ni en desacuerdo,Ni de acuerdo ni en desacuerdo,Ni de acuerdo ni en desacuerdo,Ni de acuerdo ni en desacuerdo,Ni de acuerdo ni en desacuerdo,Ni de acuerdo ni en desacuerdo,Ni de acuerdo ni en desacuerdo,Ni de acuerdo ni en desacuerdo,Ni de acuerdo ni en desacuerdo,Ni de acuerdo ni en desacuerdo,Muy en desacuerdo,Ni de acuerdo ni en desacuerdo,Ni de acuerdo ni en desacuerdo
2020/04/13 12:02:45 a.m. GMT-5,19 - 22 años,Hombre,Estudio,Soltero,No,Matutina,2do año,Sí,Al final de cada parcial,Muy de acuerdo,Muy de acuerdo,Ni de acuerdo ni en desacuerdo,Ni de acuerdo ni en desacuerdo,De acuerdo,Muy de acuerdo,Ni de acuerdo ni en desacuerdo,Disminuye,Muy de acuerdo,Muy de acuerdo,De acuerdo,Muy de acuerdo,De acuerdo,Muy de acuerdo,Muy de acuerdo,Muy de acuerdo,Muy de acuerdo,Muy de acuerdo,Muy de acuerdo,Ni de acuerdo ni en desacuerdo,De acuerdo,Muy de acuerdo,De acuerdo,Muy de acuerdo
2020/04/13 12:29:55 a.m. GMT-5,23 - 26 años,Hombre,Estudio,Soltero,No,Mixta Vespertina - Nocturna,ultimo año,Sí,En los examenes y proyectos finales,De acuerdo,Muy de acuerdo,En desacuerdo,En desacuerdo,Muy de acuerdo,De acuerdo,Ni de acuerdo ni en desacuerdo,Aumenta,De acuerdo,Muy de acuerdo,Muy de acuerdo,De acuerdo,Muy de acuerdo,Muy de acuerdo,De acuerdo,Muy de acuerdo,Muy de acuerdo,Muy de acuerdo,De acuerdo,Muy de acuerdo,De acuerdo,Ni de acuerdo ni en desacuerdo,En desacuerdo,En desacuerdo
2020/04/13 9:32:45 a.m. GMT-5,27 - 30 años,Hombre,Trabajo,Soltero,No,Mixta Vespertina - Nocturna,ultimo año,Sí,En los examenes y proyectos finales,Muy de acuerdo,Muy de acuerdo,Muy en desacuerdo,Muy en desacuerdo,Muy en desacuerdo,Muy de acuerdo,Muy en desacuerdo,Se mantiene,Muy de acuerdo,Muy de acuerdo,Muy en desacuerdo,Muy en desacuerdo,Muy en desacuerdo,Muy en desacuerdo,De acuerdo,Muy en desacuerdo,De acuerdo,Muy en desacuerdo,De acuerdo,Muy en desacuerdo,Muy de acuerdo,Muy en desacuerdo,Muy en desacuerdo,Muy en desacuerdo
2020/04/13 9:58:27 a.m. GMT-5,19 - 22 años,Mujer,Estudio,Otro,No,Matutina,3er año,Sí,En los examenes y proyectos finales,Muy en desacuerdo,En desacuerdo,En desacuerdo,De acuerdo,Muy en desacuerdo,En desacuerdo,Muy de acuerdo,Disminuye,Muy de acuerdo,Muy de acuerdo,De acuerdo,De acuerdo,De acuerdo,De acuerdo,De acuerdo,Muy de acuerdo,Muy de acuerdo,Muy de acuerdo,Muy de acuerdo,Muy de acuerdo,De acuerdo,De acuerdo,De acuerdo,De acuerdo
2020/04/13 10:19:07 a.m. GMT-5,19 - 22 años,Mujer,Estudio,Soltero,No,Mixta Matutina - Vespertina,1er año,Sí,En los examenes y proyectos finales,De acuerdo,Ni de acuerdo ni en desacuerdo,Muy de acuerdo,En desacuerdo,De acuerdo,Muy en desacuerdo,De acuerdo,Disminuye,De acuerdo,Muy de acuerdo,Muy de acuerdo,Muy de acuerdo,Muy de acuerdo,En desacuerdo,Muy de acuerdo,Muy de acuerdo,Muy de acuerdo,Muy de acuerdo,De acuerdo,Ni de acuerdo ni en desacuerdo,Ni de acuerdo ni en desacuerdo,Muy de acuerdo,Muy de acuerdo,En desacuerdo
2020/04/13 2:03:24 p.m. GMT-5,mayor de 30 años,Hombre,Trabajo,Casado,No,Mixta Vespertina - Nocturna,ultimo año,Sí,En los examenes y proyectos finales,De acuerdo,Ni de acuerdo ni en desacuerdo,Muy de acuerdo,En desacuerdo,De acuerdo,Muy en desacuerdo,De acuerdo,Disminuye,De acuerdo,Muy de acuerdo,Muy de acuerdo,Muy de acuerdo,Muy de acuerdo,En desacuerdo,Muy de acuerdo,Muy de acuerdo,Muy de acuerdo,Muy de acuerdo,De acuerdo,Ni de acuerdo ni en desacuerdo,Ni de acuerdo ni en desacuerdo,Muy de acuerdo,Muy de acuerdo,En desacuerdo
2020/04/13 2:13:34 p.m. GMT-5,19 - 22 años,Mujer,Estudio,Soltero,No,Mixta Matutina - Vespertina,2do año,Sí,En los examenes y proyectos finales,De acuerdo,De acuerdo,Muy de acuerdo,Muy de acuerdo,Ni de acuerdo ni en desacuerdo,De acuerdo,De acuerdo,Disminuye,Muy de acuerdo,De acuerdo,Ni de acuerdo ni en desacuerdo,Ni de acuerdo ni en desacuerdo,De acuerdo,Ni de acuerdo ni en desacuerdo,De acuerdo,De acuerdo,De acuerdo,De acuerdo,De acuerdo,Ni de acuerdo ni en desacuerdo,Ni de acuerdo ni en desacuerdo,De acuerdo,De acuerdo,Ni de acuerdo ni en desacuerdo
2020/04/13 3:46:54 p.m. GMT-5,23 - 26 años,Hombre,Estudio,Soltero,No,Mixta Vespertina - Nocturna,ultimo año,Sí,En los examenes y proyectos finales,Ni de acuerdo ni en desacuerdo,En desacuerdo,Ni de acuerdo ni en desacuerdo,De acuerdo,Ni de acuerdo ni en desacuerdo,Ni de acuerdo ni en desacuerdo,Ni de acuerdo ni en desacuerdo,Disminuye,En desacuerdo,Ni de acuerdo ni en desacuerdo,Ni de acuerdo ni en desacuerdo,De acuerdo,De acuerdo,De acuerdo,Ni de acuerdo ni en desacuerdo,De acuerdo,De acuerdo,De acuerdo,De acuerdo,De acuerdo,De acuerdo,De acuerdo,De acuerdo,Ni de acuerdo ni en desacuerdo
2020/04/13 3:57:33 p.m. GMT-5,23 - 26 años,Mujer,Estudio,Soltero,Sí,Mixta Matutina - Vespertina,ultimo año,Sí,En los examenes y proyectos finales,Muy de acuerdo,De acuerdo,Ni de acuerdo ni en desacuerdo,Ni de acuerdo ni en desacuerdo,Ni de acuerdo ni en desacuerdo,Ni de acuerdo ni en desacuerdo,Ni de acuerdo ni en desacuerdo,Se mantiene,Ni de acuerdo ni en desacuerdo,Ni de acuerdo ni en desacuerdo,En desacuerdo,De acuerdo,En desacuerdo,En desacuerdo,Ni de acuerdo ni en desacuerdo,Ni de acuerdo ni en desacuerdo,De acuerdo,Ni de acuerdo ni en desacuerdo,Ni de acuerdo ni en desacuerdo,De acuerdo,Ni de acuerdo ni en desacuerdo,Ni de acuerdo ni en desacuerdo,Ni de acuerdo ni en desacuerdo,Ni de acuerdo ni en desacuerdo
2020/04/13 4:41:14 p.m. GMT-5,menor de 18 años,Hombre,Estudio,Soltero,No,Mixta Matutina - Vespertina,2do año,Sí,En los examenes y proyectos finales,Muy de acuerdo,Muy de acuerdo,De acuerdo,Ni de acuerdo ni en desacuerdo,Muy de acuerdo,Muy de acuerdo,Ni de acuerdo ni en desacuerdo,Disminuye,De acuerdo,De acuerdo,En desacuerdo,Muy de acuerdo,Muy de acuerdo,De acuerdo,Muy de acuerdo,Muy de acuerdo,Muy de acuerdo,De acuerdo,Muy de acuerdo,En desacuerdo,De acuerdo,De acuerdo,De acuerdo,Ni de acuerdo ni en desacuerdo
2020/04/13 4:48:59 p.m. GMT-5,menor de 18 años,Hombre,Estudio,Otro,No,Matutina,2do año,Sí,En los examenes y proyectos finales,De acuerdo,De acuerdo,Muy de acuerdo,Muy de acuerdo,Muy de acuerdo,Muy de acuerdo,Ni de acuerdo ni en desacuerdo,Disminuye,Muy de acuerdo,De acuerdo,Muy en desacuerdo,Ni de acuerdo ni en desacuerdo,En desacuerdo,En desacuerdo,En desacuerdo,De acuerdo,Ni de acuerdo ni en desacuerdo,Muy de acuerdo,Muy de acuerdo,Ni de acuerdo ni en desacuerdo,De acuerdo,De acuerdo,De acuerdo,Muy en desacuerdo
2020/04/13 4:54:58 p.m. GMT-5,23 - 26 años,Hombre,Estudio,Soltero,No,Vespertina,ultimo año,Sí,En los examenes y proyectos finales,Ni de acuerdo ni en desacuerdo,Ni de acuerdo ni en desacuerdo,De acuerdo,Muy de acuerdo,Muy en desacuerdo,En desacuerdo,Ni de acuerdo ni en desacuerdo,Disminuye,De acuerdo,Ni de acuerdo ni en desacuerdo,De acuerdo,De acuerdo,De acuerdo,Ni de acuerdo ni en desacuerdo,De acuerdo,Ni de acuerdo ni en desacuerdo,Ni de acuerdo ni en desacuerdo,De acuerdo,De acuerdo,Ni de acuerdo ni en desacuerdo,Ni de acuerdo ni en desacuerdo,En desacuerdo,En desacuerdo,Muy en desacuerdo
2020/04/13 4:55:49 p.m. GMT-5,mayor de 30 años,Mujer,Estudio,Soltero,No,Vespertina,4to año,Sí,En los examenes y proyectos finales,Muy de acuerdo,Ni de acuerdo ni en desacuerdo,En desacuerdo,En desacuerdo,En desacuerdo,De acuerdo,De acuerdo,Se mantiene,De acuerdo,De acuerdo,Ni de acuerdo ni en desacuerdo,Ni de acuerdo ni en desacuerdo,En desacuerdo,En desacuerdo,De acuerdo,De acuerdo,Ni de acuerdo ni en desacuerdo,Ni de acuerdo ni en desacuerdo,En desacuerdo,Muy en desacuerdo,Muy en desacuerdo,Muy en desacuerdo,Muy en desacuerdo,En desacuerdo
2020/04/13 5:11:40 p.m. GMT-5,menor de 18 años,Hombre,Estudio,Soltero,No,Matutina,1er año,Sí,En los examenes y proyectos finales,Ni de acuerdo ni en desacuerdo,Ni de acuerdo ni en desacuerdo,De acuerdo,De acuerdo,Muy en desacuerdo,En desacuerdo,Ni de acuerdo ni en desacuerdo,Disminuye,De acuerdo,En desacuerdo,En desacuerdo,De acuerdo,En desacuerdo,Ni de acuerdo ni en desacuerdo,En desacuerdo,En desacuerdo,Ni de acuerdo ni en desacuerdo,De acuerdo,Ni de acuerdo ni en desacuerdo,Ni de acuerdo ni en desacuerdo,En desacuerdo,En desacuerdo,En desacuerdo,En desacuerdo
2020/04/13 5:13:14 p.m. GMT-5,mayor de 30 años,Mujer,Ambas,Otro,No,Nocturna,ultimo año,Sí,Al final de cada parcial,Muy de acuerdo,Muy de acuerdo,Ni de acuerdo ni en desacuerdo,Ni de acuerdo ni en desacuerdo,De acuerdo,Muy de acuerdo,Ni de acuerdo ni en desacuerdo,Se mantiene,De acuerdo,Muy de acuerdo,Ni de acuerdo ni en desacuerdo,Ni de acuerdo ni en desacuerdo,En desacuerdo,Ni de acuerdo ni en desacuerdo,De acuerdo,De acuerdo,De acuerdo,De acuerdo,En desacuerdo,Ni de acuerdo ni en desacuerdo,En desacuerdo,En desacuerdo,En desacuerdo,En desacuerdo
2020/04/13 5:26:19 p.m. GMT-5,19 - 22 años,Hombre,Estudio,Otro,No,Mixta Matutina - Vespertina,2do año,Sí,En los examenes y proyectos finales,Ni de acuerdo ni en desacuerdo,En desacuerdo,De acuerdo,De acuerdo,En desacuerdo,En desacuerdo,Ni de acuerdo ni en desacuerdo,Se mantiene,De acuerdo,Muy de acuerdo,Ni de acuerdo ni en desacuerdo,En desacuerdo,De acuerdo,De acuerdo,Muy de acuerdo,Muy de acuerdo,Muy de acuerdo,En desacuerdo,Ni de acuerdo ni en desacuerdo,Muy de acuerdo,De acuerdo,Ni de acuerdo ni en desacuerdo,Ni de acuerdo ni en desacuerdo,De acuerdo
2020/04/13 6:09:07 p.m. GMT-5,23 - 26 años,Hombre,Ambas,Otro,No,Mixta Vespertina - Nocturna,3er año,Sí,En los examenes y proyectos finales,Muy de acuerdo,Muy de acuerdo,En desacuerdo,En desacuerdo,De acuerdo,Muy de acuerdo,Ni de acuerdo ni en desacuerdo,Disminuye,De acuerdo,Muy de acuerdo,Ni de acuerdo ni en desacuerdo,Muy de acuerdo,De acuerdo,De acuerdo,Muy de acuerdo,Muy de acuerdo,Muy de acuerdo,Muy de acuerdo,En desacuerdo,Ni de acuerdo ni en desacuerdo,De acuerdo,De acuerdo,Ni de acuerdo ni en desacuerdo,Muy de acuerdo
2020/04/13 6:16:14 p.m. GMT-5,mayor de 30 años,Hombre,Ambas,Casado,No,Nocturna,ultimo año,Sí,En los examenes y proyectos finales,Muy de acuerdo,Muy de acuerdo,De acuerdo,De acuerdo,Muy de acuerdo,De acuerdo,De acuerdo,Disminuye,Muy de acuerdo,Muy de acuerdo,De acuerdo,Muy de acuerdo,Muy de acuerdo,Muy de acuerdo,Muy de acuerdo,Muy de acuerdo,Muy de acuerdo,Muy de acuerdo,De acuerdo,Muy de acuerdo,Muy de acuerdo,Muy de acuerdo,Muy de acuerdo,Muy de acuerdo
2020/04/13 6:23:46 p.m. GMT-5,mayor de 30 años,Mujer,Trabajo,Casado,No,Mixta Vespertina - Nocturna,ultimo año,Sí,En los examenes y proyectos finales,Muy de acuerdo,Muy de acuerdo,De acuerdo,Ni de acuerdo ni en desacuerdo,Ni de acuerdo ni en desacuerdo,De acuerdo,Ni de acuerdo ni en desacuerdo,Se mantiene,De acuerdo,Ni de acuerdo ni en desacuerdo,De acuerdo,Muy de acuerdo,De acuerdo,Ni de acuerdo ni en desacuerdo,Ni de acuerdo ni en desacuerdo,En desacuerdo,De acuerdo,De acuerdo,En desacuerdo,De acuerdo,En desacuerdo,En desacuerdo,En desacuerdo,En desacuerdo
2020/04/13 6:26:29 p.m. GMT-5,19 - 22 años,Hombre,Estudio,Soltero,No,Matutina,2do año,Sí,En los examenes y proyectos finales,De acuerdo,En desacuerdo,Muy de acuerdo,Muy de acuerdo,Muy en desacuerdo,Muy en desacuerdo,De acuerdo,Aumenta,Muy de acuerdo,De acuerdo,De acuerdo,De acuerdo,De acuerdo,De acuerdo,De acuerdo,De acuerdo,Muy de acuerdo,Muy de acuerdo,Ni de acuerdo ni en desacuerdo,Ni de acuerdo ni en desacuerdo,Ni de acuerdo ni en desacuerdo,De acuerdo,Muy de acuerdo,Muy en desacuerdo
2020/04/13 6:55:20 p.m. GMT-5,mayor de 30 años,Hombre,Trabajo,Casado,No,Nocturna,3er año,Sí,En los examenes y proyectos finales,En desacuerdo,De acuerdo,De acuerdo,Muy de acuerdo,Muy de acuerdo,En desacuerdo,Muy de acuerdo,,Ni de acuerdo ni en desacuerdo,,Ni de acuerdo ni en desacuerdo,Ni de acuerdo ni en desacuerdo,Ni de acuerdo ni en desacuerdo,Ni de acuerdo ni en desacuerdo,Ni de acuerdo ni en desacuerdo,Ni de acuerdo ni en desacuerdo,Ni de acuerdo ni en desacuerdo,En desacuerdo,En desacuerdo,Muy de acuerdo,En desacuerdo,En desacuerdo,Ni de acuerdo ni en desacuerdo,De acuerdo
2020/04/13 7:00:12 p.m. GMT-5,19 - 22 años,Hombre,Ambas,Soltero,No,Nocturna,1er año,Sí,En los examenes y proyectos finales,Ni de acuerdo ni en desacuerdo,Ni de acuerdo ni en desacuerdo,De acuerdo,De acuerdo,Muy en desacuerdo,Ni de acuerdo ni en desacuerdo,De acuerdo,Disminuye,Muy de acuerdo,De acuerdo,Muy de acuerdo,Muy de acuerdo,De acuerdo,De acuerdo,De acuerdo,De acuerdo,Muy en desacuerdo,,De acuerdo,Muy de acuerdo,Muy de acuerdo,De acuerdo,En desacuerdo,Muy en desacuerdo
2020/04/13 7:01:43 p.m. GMT-5,menor de 18 años,Mujer,Estudio,Soltero,No,Mixta Matutina - Vespertina,1er año,Sí,En los examenes y proyectos finales,En desacuerdo,Muy en desacuerdo,Ni de acuerdo ni en desacuerdo,Ni de acuerdo ni en desacuerdo,Muy de acuerdo,Muy en desacuerdo,Ni de acuerdo ni en desacuerdo,Disminuye,De acuerdo,De acuerdo,De acuerdo,De acuerdo,Muy de acuerdo,Muy de acuerdo,Muy de acuerdo,Muy de acuerdo,Muy de acuerdo,Muy de acuerdo,Muy de acuerdo,Muy de acuerdo,Muy de acuerdo,Muy de acuerdo,Muy de acuerdo,Ni de acuerdo ni en desacuerdo
2020/04/13 7:04:47 p.m. GMT-5,menor de 18 años,Mujer,Estudio,Soltero,No,Matutina,1er año,Sí,Al final de cada parcial,En desacuerdo,Ni de acuerdo ni en desacuerdo,Muy en desacuerdo,Muy en desacuerdo,En desacuerdo,En desacuerdo,De acuerdo,Aumenta,Muy de acuerdo,De acuerdo,De acuerdo,Ni de acuerdo ni en desacuerdo,Muy de acuerdo,Muy de acuerdo,Muy de acuerdo,De acuerdo,Muy de acuerdo,Ni de acuerdo ni en desacuerdo,Muy de acuerdo,Muy de acuerdo,Ni de acuerdo ni en desacuerdo,Ni de acuerdo ni en desacuerdo,Ni de acuerdo ni en desacuerdo,De acuerdo
2020/04/13 7:17:49 p.m. GMT-5,23 - 26 años,Hombre,Ambas,Soltero,No,Matutina,3er año,Sí,En los examenes y proyectos finales,Ni de acuerdo ni en desacuerdo,Ni de acuerdo ni en desacuerdo,Ni de acuerdo ni en desacuerdo,Ni de acuerdo ni en desacuerdo,Ni de acuerdo ni en desacuerdo,Ni de acuerdo ni en desacuerdo,Ni de acuerdo ni en desacuerdo,Disminuye,Ni de acuerdo ni en desacuerdo,Ni de acuerdo ni en desacuerdo,Ni de acuerdo ni en desacuerdo,Ni de acuerdo ni en desacuerdo,Ni de acuerdo ni en desacuerdo,Ni de acuerdo ni en desacuerdo,Ni de acuerdo ni en desacuerdo,Ni de acuerdo ni en desacuerdo,Ni de acuerdo ni en desacuerdo,Ni de acuerdo ni en desacuerdo,Ni de acuerdo ni en desacuerdo,Ni de acuerdo ni en desacuerdo,Ni de acuerdo ni en desacuerdo,Ni de acuerdo ni en desacuerdo,Ni de acuerdo ni en desacuerdo,Ni de acuerdo ni en desacuerdo
2020/04/13 9:09:06 p.m. GMT-5,23 - 26 años,Hombre,Estudio,Soltero,No,Matutina,1er año,Sí,Al final de cada parcial,Muy de acuerdo,Muy de acuerdo,De acuerdo,Muy en desacuerdo,Ni de acuerdo ni en desacuerdo,Muy de acuerdo,De acuerdo,Aumenta,De acuerdo,De acuerdo,De acuerdo,De acuerdo,Muy de acuerdo,Ni de acuerdo ni en desacuerdo,Muy de acuerdo,De acuerdo,De acuerdo,Muy de acuerdo,Ni de acuerdo ni en desacuerdo,Muy de acuerdo,Muy de acuerdo,Muy en desacuerdo,Muy en desacuerdo,Muy de acuerdo
2020/04/13 9:47:42 p.m. GMT-5,19 - 22 años,Hombre,Estudio,Soltero,No,Matutina,2do año,Sí,En los examenes y proyectos finales,Muy en desacuerdo,Muy en desacuerdo,Muy de acuerdo,Muy de acuerdo,Ni de acuerdo ni en desacuerdo,Muy en desacuerdo,Ni de acuerdo ni en desacuerdo,Disminuye,Muy en desacuerdo,Muy en desacuerdo,Muy en desacuerdo,Muy en desacuerdo,Ni de acuerdo ni en desacuerdo,Muy en desacuerdo,Muy de acuerdo,Muy en desacuerdo,Muy en desacuerdo,Muy de acuerdo,Muy de acuerdo,Ni de acuerdo ni en desacuerdo,Ni de acuerdo ni en desacuerdo,Muy en desacuerdo,Muy en desacuerdo,Muy en desacuerdo
2020/04/13 11:01:01 p.m. GMT-5,23 - 26 años,Mujer,Ambas,Soltero,No,Matutina,1er año,Sí,Al final de cada parcial,Muy de acuerdo,Muy de acuerdo,De acuerdo,En desacuerdo,Muy de acuerdo,Muy de acuerdo,De acuerdo,Disminuye,De acuerdo,Muy en desacuerdo,En desacuerdo,En desacuerdo,En desacuerdo,En desacuerdo,En desacuerdo,En desacuerdo,De acuerdo,En desacuerdo,De acuerdo,En desacuerdo,En desacuerdo,En desacuerdo,En desacuerdo,En desacuerdo
2020/04/14 2:31:22 a.m. GMT-5,19 - 22 años,Mujer,Estudio,Soltero,No,Matutina,2do año,Sí,En los examenes y proyectos finales,De acuerdo,De acuerdo,De acuerdo,De acuerdo,En desacuerdo,De acuerdo,Muy de acuerdo,Se mantiene,En desacuerdo,En desacuerdo,En desacuerdo,De acuerdo,Muy en desacuerdo,En desacuerdo,Muy en desacuerdo,De acuerdo,Muy de acuerdo,En desacuerdo,De acuerdo,Muy de acuerdo,En desacuerdo,En desacuerdo,De acuerdo,En desacuerdo
2020/04/14 5:37:56 p.m. GMT-5,19 - 22 años,Mujer,Estudio,Soltero,No,Mixta Matutina - Vespertina,4to año,Sí,En los examenes y proyectos finales,De acuerdo,De acuerdo,De acuerdo,En desacuerdo,En desacuerdo,Muy de acuerdo,De acuerdo,Se mantiene,Muy de acuerdo,Muy de acuerdo,De acuerdo,Muy de acuerdo,De acuerdo,De acuerdo,Muy de acuerdo,Muy de acuerdo,Muy de acuerdo,Muy de acuerdo,Muy de acuerdo,Muy de acuerdo,En desacuerdo,En desacuerdo,En desacuerdo,Muy en desacuerdo
2020/04/14 6:23:54 p.m. GMT-5,23 - 26 años,Mujer,Ambas,Casado,No,Mixta Matutina - Vespertina,3er año,Sí,Al final de cada parcial,Ni de acuerdo ni en desacuerdo,En desacuerdo,De acuerdo,De acuerdo,Muy en desacuerdo,En desacuerdo,Muy de acuerdo,Disminuye,Muy de acuerdo,Muy de acuerdo,Ni de acuerdo ni en desacuerdo,Muy de acuerdo,En desacuerdo,En desacuerdo,Muy de acuerdo,Muy de acuerdo,Muy de acuerdo,Muy de acuerdo,Muy de acuerdo,Muy de acuerdo,Muy de acuerdo,En desacuerdo,En desacuerdo,En desacuerdo
2020/04/14 6:33:20 p.m. GMT-5,19 - 22 años,Mujer,Ambas,Otro,No,Mixta Matutina - Vespertina,3er año,Sí,En los examenes y proyectos finales,En desacuerdo,En desacuerdo,De acuerdo,De acuerdo,En desacuerdo,En desacuerdo,En desacuerdo,Disminuye,En desacuerdo,En desacuerdo,De acuerdo,De acuerdo,De acuerdo,En desacuerdo,De acuerdo,De acuerdo,De acuerdo,De acuerdo,De acuerdo,En desacuerdo,En desacuerdo,En desacuerdo,En desacuerdo,En desacuerdo
2020/04/14 7:15:21 p.m. GMT-5,23 - 26 años,Mujer,Estudio,Soltero,Sí,Matutina,ultimo año,Sí,En los examenes y proyectos finales,Muy de acuerdo,Muy de acuerdo,De acuerdo,De acuerdo,Muy de acuerdo,Muy de acuerdo,De acuerdo,Disminuye,Muy de acuerdo,De acuerdo,De acuerdo,Muy de acuerdo,De acuerdo,De acuerdo,De acuerdo,Muy de acuerdo,Muy de acuerdo,Muy de acuerdo,De acuerdo,De acuerdo,De acuerdo,De acuerdo,De acuerdo,Muy de acuerdo
2020/04/14 8:01:25 p.m. GMT-5,19 - 22 años,Mujer,Estudio,Soltero,No,Matutina,4to año,Sí,En los examenes y proyectos finales,Muy de acuerdo,Muy de acuerdo,Ni de acuerdo ni en desacuerdo,Ni de acuerdo ni en desacuerdo,Muy de acuerdo,Muy de acuerdo,Muy de acuerdo,Disminuye,Muy de acuerdo,Muy de acuerdo,Ni de acuerdo ni en desacuerdo,Muy de acuerdo,Muy de acuerdo,De acuerdo,Muy de acuerdo,Muy de acuerdo,Muy de acuerdo,Muy de acuerdo,Ni de acuerdo ni en desacuerdo,Muy de acuerdo,Muy de acuerdo,De acuerdo,De acuerdo,Ni de acuerdo ni en desacuerdo
2020/04/14 8:42:14 p.m. GMT-5,19 - 22 años,Hombre,Ambas,Soltero,No,Nocturna,ultimo año,Sí,En los examenes y proyectos finales,De acuerdo,De acuerdo,En desacuerdo,En desacuerdo,De acuerdo,De acuerdo,En desacuerdo,Se mantiene,En desacuerdo,En desacuerdo,En desacuerdo,En desacuerdo,De acuerdo,En desacuerdo,En desacuerdo,En desacuerdo,En desacuerdo,De acuerdo,En desacuerdo,En desacuerdo,En desacuerdo,En desacuerdo,En desacuerdo,En desacuerdo
2020/04/14 9:23:35 p.m. GMT-5,19 - 22 años,Mujer,Estudio,Soltero,No,Mixta Matutina - Vespertina,4to año,Sí,En los examenes y proyectos finales,Muy de acuerdo,Muy de acuerdo,Muy de acuerdo,Muy de acuerdo,Ni de acuerdo ni en desacuerdo,De acuerdo,En desacuerdo,Se mantiene,Ni de acuerdo ni en desacuerdo,En desacuerdo,En desacuerdo,En desacuerdo,En desacuerdo,En desacuerdo,En desacuerdo,De acuerdo,En desacuerdo,Ni de acuerdo ni en desacuerdo,En desacuerdo,En desacuerdo,En desacuerdo,En desacuerdo,En desacuerdo,Muy en desacuerdo
2020/04/14 9:24:02 p.m. GMT-5,23 - 26 años,Mujer,Estudio,Soltero,No,Mixta Matutina - Vespertina,4to año,Sí,En los examenes y proyectos finales,Muy de acuerdo,Muy de acuerdo,En desacuerdo,En desacuerdo,De acuerdo,Muy de acuerdo,De acuerdo,Disminuye,De acuerdo,Muy de acuerdo,De acuerdo,De acuerdo,De acuerdo,Muy de acuerdo,De acuerdo,De acuerdo,De acuerdo,Muy de acuerdo,En desacuerdo,En desacuerdo,De acuerdo,En desacuerdo,En desacuerdo,En desacuerdo
2020/04/14 10:53:05 p.m. GMT-5,19 - 22 años,Mujer,Estudio,Soltero,Sí,Matutina,ultimo año,Sí,Al iniciar el periodo,En desacuerdo,De acuerdo,De acuerdo,Muy de acuerdo,Muy en desacuerdo,Ni de acuerdo ni en desacuerdo,Muy de acuerdo,Aumenta,Muy de acuerdo,Muy de acuerdo,Muy de acuerdo,Muy de acuerdo,Muy de acuerdo,Muy de acuerdo,Muy de acuerdo,Muy de acuerdo,Muy de acuerdo,Muy de acuerdo,Muy de acuerdo,Muy de acuerdo,Muy de acuerdo,Muy de acuerdo,Muy de acuerdo,Muy de acuerdo
2020/04/14 11:05:41 p.m. GMT-5,23 - 26 años,Hombre,Ambas,Soltero,No,Mixta Vespertina - Nocturna,ultimo año,Sí,En los examenes y proyectos finales,Ni de acuerdo ni en desacuerdo,De acuerdo,De acuerdo,Muy de acuerdo,Muy en desacuerdo,Muy en desacuerdo,De acuerdo,Disminuye,Muy de acuerdo,Muy de acuerdo,De acuerdo,De acuerdo,Muy de acuerdo,Muy de acuerdo,Muy de acuerdo,Muy de acuerdo,Muy de acuerdo,De acuerdo,De acuerdo,Muy de acuerdo,Muy de acuerdo,De acuerdo,De acuerdo,De acuerdo
2020/04/14 11:12:31 p.m. GMT-5,23 - 26 años,Mujer,Estudio,Soltero,No,Mixta Vespertina - Nocturna,3er año,Sí,En los examenes y proyectos finales,Muy de acuerdo,De acuerdo,Muy de acuerdo,De acuerdo,De acuerdo,Muy de acuerdo,De acuerdo,Se mantiene,De acuerdo,De acuerdo,De acuerdo,Ni de acuerdo ni en desacuerdo,En desacuerdo,Ni de acuerdo ni en desacuerdo,De acuerdo,Ni de acuerdo ni en desacuerdo,Ni de acuerdo ni en desacuerdo,Muy de acuerdo,De acuerdo,De acuerdo,Ni de acuerdo ni en desacuerdo,Ni de acuerdo ni en desacuerdo,Ni de acuerdo ni en desacuerdo,De acuerdo
2020/04/14 11:32:39 p.m. GMT-5,19 - 22 años,Hombre,Estudio,Soltero,No,Mixta Matutina - Vespertina,2do año,Sí,En los examenes y proyectos finales,De acuerdo,De acuerdo,De acuerdo,De acuerdo,De acuerdo,De acuerdo,De acuerdo,Disminuye,Muy de acuerdo,Muy de acuerdo,Muy de acuerdo,De acuerdo,De acuerdo,Muy de acuerdo,Muy de acuerdo,Muy de acuerdo,Muy de acuerdo,Muy de acuerdo,De acuerdo,En desacuerdo,De acuerdo,De acuerdo,De acuerdo,En desacuerdo
2020/04/14 11:33:06 p.m. GMT-5,19 - 22 años,Hombre,Estudio,Soltero,No,Mixta Matutina - Vespertina,2do año,Sí,Al final de cada parcial,Ni de acuerdo ni en desacuerdo,Ni de acuerdo ni en desacuerdo,Ni de acuerdo ni en desacuerdo,Ni de acuerdo ni en desacuerdo,Ni de acuerdo ni en desacuerdo,Ni de acuerdo ni en desacuerdo,Ni de acuerdo ni en desacuerdo,Se mantiene,Muy de acuerdo,En desacuerdo,Ni de acuerdo ni en desacuerdo,De acuerdo,De acuerdo,De acuerdo,Muy de acuerdo,Muy de acuerdo,Muy de acuerdo,Muy de acuerdo,Muy de acuerdo,Muy de acuerdo,Muy de acuerdo,Muy de acuerdo,Muy de acuerdo,Muy de acuerdo
2020/04/14 11:33:24 p.m. GMT-5,23 - 26 años,Hombre,Ambas,Soltero,No,Matutina,2do año,Sí,Al final de cada parcial,En desacuerdo,Muy de acuerdo,Ni de acuerdo ni en desacuerdo,Muy en desacuerdo,Muy de acuerdo,Muy de acuerdo,Muy de acuerdo,Disminuye,Muy de acuerdo,Muy de acuerdo,Ni de acuerdo ni en desacuerdo,Ni de acuerdo ni en desacuerdo,Muy de acuerdo,Muy de acuerdo,Muy de acuerdo,Muy de acuerdo,Muy de acuerdo,Muy de acuerdo,Muy de acuerdo,Muy de acuerdo,Muy de acuerdo,Muy de acuerdo,Muy de acuerdo,Muy de acuerdo
2020/04/14 11:33:38 p.m. GMT-5,23 - 26 años,Hombre,Ambas,Soltero,No,Nocturna,3er año,Sí,Al final de cada parcial,De acuerdo,Muy de acuerdo,De acuerdo,De acuerdo,Ni de acuerdo ni en desacuerdo,Muy de acuerdo,Muy de acuerdo,Aumenta,Muy de acuerdo,De acuerdo,En desacuerdo,De acuerdo,De acuerdo,En desacuerdo,De acuerdo,De acuerdo,De acuerdo,De acuerdo,De acuerdo,De acuerdo,De acuerdo,De acuerdo,De acuerdo,De acuerdo
2020/04/15 1:28:47 p.m. GMT-5,19 - 22 años,Hombre,Ambas,Soltero,No,Mixta Matutina - Vespertina,2do año,Sí,En los examenes y proyectos finales,En desacuerdo,En desacuerdo,En desacuerdo,Ni de acuerdo ni en desacuerdo,Muy en desacuerdo,Muy en desacuerdo,Ni de acuerdo ni en desacuerdo,Disminuye,Ni de acuerdo ni en desacuerdo,Ni de acuerdo ni en desacuerdo,De acuerdo,Ni de acuerdo ni en desacuerdo,En desacuerdo,De acuerdo,De acuerdo,En desacuerdo,Ni de acuerdo ni en desacuerdo,Ni de acuerdo ni en desacuerdo,De acuerdo,De acuerdo,De acuerdo,Ni de acuerdo ni en desacuerdo,De acuerdo,De acuerdo
2020/04/15 1:35:17 p.m. GMT-5,23 - 26 años,Mujer,Ambas,Soltero,No,Nocturna,ultimo año,Sí,En los examenes y proyectos finales,Muy de acuerdo,Ni de acuerdo ni en desacuerdo,De acuerdo,En desacuerdo,De acuerdo,Muy de acuerdo,De acuerdo,Disminuye,De acuerdo,Muy de acuerdo,De acuerdo,De acuerdo,De acuerdo,Muy de acuerdo,Muy de acuerdo,De acuerdo,De acuerdo,De acuerdo,Ni de acuerdo ni en desacuerdo,Ni de acuerdo ni en desacuerdo,Ni de acuerdo ni en desacuerdo,En desacuerdo,En desacuerdo,Ni de acuerdo ni en desacuerdo
2020/04/15 1:38:21 p.m. GMT-5,23 - 26 años,Hombre,Ambas,Soltero,No,Mixta Vespertina - Nocturna,4to año,Sí,En los examenes y proyectos finales,De acuerdo,De acuerdo,De acuerdo,De acuerdo,Ni de acuerdo ni en desacuerdo,Ni de acuerdo ni en desacuerdo,Ni de acuerdo ni en desacuerdo,Aumenta,Muy de acuerdo,Muy de acuerdo,Muy de acuerdo,Muy de acuerdo,De acuerdo,De acuerdo,De acuerdo,De acuerdo,De acuerdo,De acuerdo,Ni de acuerdo ni en desacuerdo,Muy de acuerdo,Muy de acuerdo,Ni de acuerdo ni en desacuerdo,Ni de acuerdo ni en desacuerdo,Ni de acuerdo ni en desacuerdo
2020/04/15 1:48:42 p.m. GMT-5,23 - 26 años,Hombre,Estudio,Soltero,No,Matutina,2do año,Sí,Al final de cada parcial,De acuerdo,Muy de acuerdo,Muy de acuerdo,De acuerdo,Muy de acuerdo,De acuerdo,De acuerdo,Aumenta,De acuerdo,De acuerdo,Ni de acuerdo ni en desacuerdo,Ni de acuerdo ni en desacuerdo,En desacuerdo,En desacuerdo,De acuerdo,De acuerdo,De acuerdo,De acuerdo,De acuerdo,De acuerdo,De acuerdo,De acuerdo,De acuerdo,Ni de acuerdo ni en desacuerdo
2020/04/15 1:49:07 p.m. GMT-5,23 - 26 años,Hombre,Estudio,Soltero,No,Mixta Matutina - Vespertina,ultimo año,Sí,En los examenes y proyectos finales,De acuerdo,De acuerdo,Ni de acuerdo ni en desacuerdo,Ni de acuerdo ni en desacuerdo,De acuerdo,De acuerdo,De acuerdo,Aumenta,De acuerdo,En desacuerdo,En desacuerdo,De acuerdo,Muy en desacuerdo,Muy en desacuerdo,En desacuerdo,En desacuerdo,De acuerdo,En desacuerdo,En desacuerdo,En desacuerdo,En desacuerdo,En desacuerdo,En desacuerdo,En desacuerdo
2020/04/15 2:07:37 p.m. GMT-5,23 - 26 años,Hombre,Estudio,Soltero,No,Nocturna,ultimo año,Sí,En los examenes y proyectos finales,De acuerdo,De acuerdo,En desacuerdo,En desacuerdo,En desacuerdo,Ni de acuerdo ni en desacuerdo,De acuerdo,Se mantiene,Ni de acuerdo ni en desacuerdo,En desacuerdo,En desacuerdo,En desacuerdo,En desacuerdo,En desacuerdo,En desacuerdo,En desacuerdo,Ni de acuerdo ni en desacuerdo,Ni de acuerdo ni en desacuerdo,Ni de acuerdo ni en desacuerdo,En desacuerdo,En desacuerdo,Muy en desacuerdo,En desacuerdo,De acuerdo
2020/04/15 2:39:15 p.m. GMT-5,19 - 22 años,Hombre,Ambas,Soltero,No,Matutina,3er año,Sí,En los examenes y proyectos finales,Muy de acuerdo,Muy de acuerdo,Ni de acuerdo ni en desacuerdo,Ni de acuerdo ni en desacuerdo,Muy de acuerdo,Muy de acuerdo,Ni de acuerdo ni en desacuerdo,Disminuye,Muy de acuerdo,Muy de acuerdo,Ni de acuerdo ni en desacuerdo,Ni de acuerdo ni en desacuerdo,Ni de acuerdo ni en desacuerdo,De acuerdo,Ni de acuerdo ni en desacuerdo,Ni de acuerdo ni en desacuerdo,De acuerdo,Ni de acuerdo ni en desacuerdo,Ni de acuerdo ni en desacuerdo,Ni de acuerdo ni en desacuerdo,Ni de acuerdo ni en desacuerdo,Ni de acuerdo ni en desacuerdo,Ni de acuerdo ni en desacuerdo,Ni de acuerdo ni en desacuerdo
2020/04/15 5:11:22 p.m. GMT-5,23 - 26 años,Hombre,Estudio,Soltero,No,Mixta Matutina - Vespertina,4to año,Sí,En los examenes y proyectos finales,Muy de acuerdo,Muy de acuerdo,Muy de acuerdo,Muy de acuerdo,Muy de acuerdo,Muy de acuerdo,Muy de acuerdo,Aumenta,Muy de acuerdo,Ni de acuerdo ni en desacuerdo,Ni de acuerdo ni en desacuerdo,En desacuerdo,Ni de acuerdo ni en desacuerdo,Muy en desacuerdo,Muy en desacuerdo,Muy en desacuerdo,Muy de acuerdo,Muy en desacuerdo,Muy en desacuerdo,Muy en desacuerdo,Muy de acuerdo,Ni de acuerdo ni en desacuerdo,Ni de acuerdo ni en desacuerdo,Muy en desacuerdo
2020/04/15 7:10:32 p.m. GMT-5,27 - 30 años,Hombre,Ambas,Otro,No,Vespertina,3er año,Sí,En los examenes y proyectos finales,Muy de acuerdo,De acuerdo,De acuerdo,Muy de acuerdo,En desacuerdo,Muy de acuerdo,De acuerdo,Aumenta,Muy de acuerdo,Muy de acuerdo,En desacuerdo,En desacuerdo,En desacuerdo,Muy en desacuerdo,Muy en desacuerdo,Muy en desacuerdo,De acuerdo,En desacuerdo,De acuerdo,Ni de acuerdo ni en desacuerdo,Muy en desacuerdo,Muy en desacuerdo,Muy en desacuerdo,Muy en desacuerdo
2020/04/15 7:24:17 p.m. GMT-5,19 - 22 años,Hombre,Estudio,Soltero,No,Mixta Matutina - Vespertina,4to año,Sí,En los examenes y proyectos finales,Muy de acuerdo,Muy de acuerdo,Ni de acuerdo ni en desacuerdo,Ni de acuerdo ni en desacuerdo,De acuerdo,Muy de acuerdo,Muy de acuerdo,Disminuye,Muy de acuerdo,Muy de acuerdo,Muy de acuerdo,Muy de acuerdo,Muy de acuerdo,Muy de acuerdo,Muy de acuerdo,Muy de acuerdo,Muy de acuerdo,Muy de acuerdo,Muy de acuerdo,Muy de acuerdo,Muy de acuerdo,Muy de acuerdo,Muy de acuerdo,En desacuerdo
2020/04/15 9:10:23 p.m. GMT-5,23 - 26 años,Hombre,Estudio,Soltero,No,Mixta Matutina - Vespertina,3er año,Sí,En los examenes y proyectos finales,Muy de acuerdo,Muy de acuerdo,Ni de acuerdo ni en desacuerdo,De acuerdo,De acuerdo,Muy de acuerdo,Muy de acuerdo,Disminuye,Muy de acuerdo,Muy de acuerdo,Ni de acuerdo ni en desacuerdo,De acuerdo,De acuerdo,De acuerdo,De acuerdo,Muy de acuerdo,Muy de acuerdo,De acuerdo,Ni de acuerdo ni en desacuerdo,Ni de acuerdo ni en desacuerdo,De acuerdo,Ni de acuerdo ni en desacuerdo,De acuerdo,Muy de acuerdo
2020/04/15 10:54:29 p.m. GMT-5,23 - 26 años,Hombre,Ambas,Soltero,Sí,Nocturna,ultimo año,Sí,En los examenes y proyectos finales,De acuerdo,Ni de acuerdo ni en desacuerdo,Muy de acuerdo,Muy de acuerdo,De acuerdo,De acuerdo,De acuerdo,Aumenta,De acuerdo,Ni de acuerdo ni en desacuerdo,En desacuerdo,En desacuerdo,Ni de acuerdo ni en desacuerdo,Ni de acuerdo ni en desacuerdo,Ni de acuerdo ni en desacuerdo,De acuerdo,Ni de acuerdo ni en desacuerdo,De acuerdo,Ni de acuerdo ni en desacuerdo,Ni de acuerdo ni en desacuerdo,Ni de acuerdo ni en desacuerdo,Ni de acuerdo ni en desacuerdo,Ni de acuerdo ni en desacuerdo,En desacuerdo
2020/04/15 11:26:36 p.m. GMT-5,23 - 26 años,Hombre,Ambas,Soltero,No,Mixta Vespertina - Nocturna,5to año,Sí,En los examenes y proyectos finales,En desacuerdo,De acuerdo,En desacuerdo,En desacuerdo,Ni de acuerdo ni en desacuerdo,Muy de acuerdo,De acuerdo,Se mantiene,Muy de acuerdo,En desacuerdo,Ni de acuerdo ni en desacuerdo,De acuerdo,En desacuerdo,Ni de acuerdo ni en desacuerdo,En desacuerdo,Muy de acuerdo,Muy de acuerdo,Muy de acuerdo,Muy de acuerdo,De acuerdo,Ni de acuerdo ni en desacuerdo,Muy en desacuerdo,En desacuerdo,En desacuerdo
2020/04/16 1:04:58 p.m. GMT-5,23 - 26 años,Mujer,Estudio,Soltero,No,Mixta Matutina - Vespertina,5to año,Sí,En los examenes y proyectos finales,De acuerdo,De acuerdo,En desacuerdo,De acuerdo,De acuerdo,Muy de acuerdo,Ni de acuerdo ni en desacuerdo,Disminuye,Muy de acuerdo,Muy de acuerdo,Ni de acuerdo ni en desacuerdo,De acuerdo,En desacuerdo,En desacuerdo,En desacuerdo,De acuerdo,De acuerdo,De acuerdo,Muy de acuerdo,De acuerdo,Muy de acuerdo,Ni de acuerdo ni en desacuerdo,De acuerdo,De acuerdo
2020/04/16 1:21:24 p.m. GMT-5,19 - 22 años,Hombre,Estudio,Soltero,No,Mixta Matutina - Vespertina,2do año,Sí,En los examenes y proyectos finales,De acuerdo,De acuerdo,De acuerdo,De acuerdo,De acuerdo,De acuerdo,De acuerdo,Disminuye,Muy de acuerdo,Muy de acuerdo,Muy de acuerdo,De acuerdo,De acuerdo,Muy de acuerdo,Muy de acuerdo,Muy de acuerdo,Muy de acuerdo,Muy de acuerdo,De acuerdo,En desacuerdo,De acuerdo,De acuerdo,De acuerdo,En desacuerdo
2020/04/16 9:28:14 p.m. GMT-5,19 - 22 años,Mujer,Estudio,Soltero,No,Mixta Matutina - Vespertina,ultimo año,Sí,En los examenes y proyectos finales,De acuerdo,De acuerdo,Muy de acuerdo,De acuerdo,Muy de acuerdo,Muy de acuerdo,De acuerdo,Disminuye,Muy de acuerdo,Muy de acuerdo,Muy de acuerdo,Muy de acuerdo,Muy de acuerdo,Muy de acuerdo,Muy de acuerdo,Muy de acuerdo,Muy de acuerdo,Muy de acuerdo,Muy de acuerdo,Muy de acuerdo,Muy de acuerdo,Ni de acuerdo ni en desacuerdo,Muy de acuerdo,Ni de acuerdo ni en desacuerdo
2020/04/16 9:29:17 p.m. GMT-5,23 - 26 años,Hombre,Estudio,Soltero,No,Mixta Vespertina - Nocturna,ultimo año,Sí,Al final de cada parcial,De acuerdo,Muy de acuerdo,Muy en desacuerdo,Muy en desacuerdo,De acuerdo,Muy de acuerdo,Muy de acuerdo,Se mantiene,De acuerdo,De acuerdo,Muy de acuerdo,De acuerdo,Ni de acuerdo ni en desacuerdo,De acuerdo,En desacuerdo,Ni de acuerdo ni en desacuerdo,De acuerdo,En desacuerdo,Ni de acuerdo ni en desacuerdo,Muy de acuerdo,Ni de acuerdo ni en desacuerdo,Ni de acuerdo ni en desacuerdo,Ni de acuerdo ni en desacuerdo,De acuerdo
2020/04/16 9:29:58 p.m. GMT-5,19 - 22 años,Hombre,Estudio,Soltero,No,Matutina,3er año,Sí,En los examenes y proyectos finales,En desacuerdo,En desacuerdo,De acuerdo,Muy de acuerdo,,En desacuerdo,Muy de acuerdo,Aumenta,De acuerdo,Muy de acuerdo,Muy de acuerdo,Muy de acuerdo,Muy de acuerdo,Muy de acuerdo,Muy de acuerdo,Muy de acuerdo,Ni de acuerdo ni en desacuerdo,Ni de acuerdo ni en desacuerdo,Muy de acuerdo,Muy de acuerdo,Muy de acuerdo,Muy de acuerdo,Muy de acuerdo,Muy de acuerdo
2020/04/16 9:50:10 p.m. GMT-5,23 - 26 años,Mujer,Estudio,Soltero,No,Mixta Matutina - Vespertina,ultimo año,Sí,En los examenes y proyectos finales,Muy de acuerdo,De acuerdo,Muy de acuerdo,De acuerdo,Ni de acuerdo ni en desacuerdo,Muy de acuerdo,Muy de acuerdo,Se mantiene,De acuerdo,De acuerdo,De acuerdo,De acuerdo,Ni de acuerdo ni en desacuerdo,Ni de acuerdo ni en desacuerdo,De acuerdo,De acuerdo,Muy de acuerdo,De acuerdo,Ni de acuerdo ni en desacuerdo,Muy de acuerdo,De acuerdo,En desacuerdo,Ni de acuerdo ni en desacuerdo,Muy en desacuerdo
2020/04/16 10:05:43 p.m. GMT-5,23 - 26 años,Mujer,Estudio,Casado,No,Vespertina,ultimo año,Sí,Al final de cada parcial,Ni de acuerdo ni en desacuerdo,En desacuerdo,Muy de acuerdo,Muy de acuerdo,Ni de acuerdo ni en desacuerdo,En desacuerdo,Muy de acuerdo,Se mantiene,De acuerdo,De acuerdo,De acuerdo,De acuerdo,De acuerdo,De acuerdo,De acuerdo,De acuerdo,Ni de acuerdo ni en desacuerdo,Muy de acuerdo,Muy de acuerdo,Muy de acuerdo,Ni de acuerdo ni en desacuerdo,Muy de acuerdo,De acuerdo,Muy en desacuerdo
2020/04/16 10:06:18 p.m. GMT-5,23 - 26 años,Mujer,Estudio,Soltero,No,Mixta Matutina - Vespertina,ultimo año,Sí,En los examenes y proyectos finales,En desacuerdo,En desacuerdo,En desacuerdo,Ni de acuerdo ni en desacuerdo,Muy en desacuerdo,En desacuerdo,Ni de acuerdo ni en desacuerdo,Disminuye,Muy de acuerdo,Muy de acuerdo,De acuerdo,Muy de acuerdo,Muy de acuerdo,Muy de acuerdo,Muy de acuerdo,Muy de acuerdo,De acuerdo,De acuerdo,Muy de acuerdo,Muy de acuerdo,Muy de acuerdo,Muy de acuerdo,De acuerdo,Muy en desacuerdo
2020/04/17 11:19:07 a.m. GMT-5,23 - 26 años,Mujer,Ambas,Soltero,No,Mixta Vespertina - Nocturna,4to año,Sí,En los examenes y proyectos finales,Muy de acuerdo,De acuerdo,De acuerdo,Ni de acuerdo ni en desacuerdo,Muy de acuerdo,Muy de acuerdo,Ni de acuerdo ni en desacuerdo,Disminuye,Muy de acuerdo,Muy de acuerdo,Ni de acuerdo ni en desacuerdo,De acuerdo,Ni de acuerdo ni en desacuerdo,Ni de acuerdo ni en desacuerdo,De acuerdo,Muy de acuerdo,Muy de acuerdo,De acuerdo,De acuerdo,De acuerdo,De acuerdo,De acuerdo,De acuerdo,De acuerdo
2020/04/18 6:23:17 p.m. GMT-5,27 - 30 años,Mujer,Ambas,Soltero,Sí,Mixta Vespertina - Nocturna,ultimo año,Sí,Al final de cada parcial,Muy de acuerdo,Muy de acuerdo,De acuerdo,De acuerdo,De acuerdo,Ni de acuerdo ni en desacuerdo,De acuerdo,Disminuye,Muy de acuerdo,Muy de acuerdo,Muy de acuerdo,En desacuerdo,Ni de acuerdo ni en desacuerdo,Ni de acuerdo ni en desacuerdo,Ni de acuerdo ni en desacuerdo,Ni de acuerdo ni en desacuerdo,Muy de acuerdo,Ni de acuerdo ni en desacuerdo,De acuerdo,De acuerdo,De acuerdo,En desacuerdo,En desacuerdo,De acuerdo
2020/04/18 6:25:31 p.m. GMT-5,menor de 18 años,Hombre,Estudio,Soltero,No,Matutina,1er año,Sí,Al final de cada parcial,Muy de acuerdo,Muy de acuerdo,Muy de acuerdo,Muy de acuerdo,De acuerdo,De acuerdo,Ni de acuerdo ni en desacuerdo,Disminuye,En desacuerdo,En desacuerdo,De acuerdo,Muy en desacuerdo,Ni de acuerdo ni en desacuerdo,Muy en desacuerdo,Ni de acuerdo ni en desacuerdo,Ni de acuerdo ni en desacuerdo,Muy de acuerdo,Ni de acuerdo ni en desacuerdo,De acuerdo,Ni de acuerdo ni en desacuerdo,En desacuerdo,En desacuerdo,En desacuerdo,En desacuerdo
2020/04/18 6:27:56 p.m. GMT-5,23 - 26 años,Mujer,Ambas,Otro,No,Mixta Matutina - Vespertina,4to año,Sí,En los examenes y proyectos finales,Muy de acuerdo,Muy de acuerdo,De acuerdo,Muy en desacuerdo,Ni de acuerdo ni en desacuerdo,Muy de acuerdo,Muy en desacuerdo,Se mantiene,Muy de acuerdo,Muy de acuerdo,En desacuerdo,De acuerdo,De acuerdo,Ni de acuerdo ni en desacuerdo,Muy en desacuerdo,Ni de acuerdo ni en desacuerdo,Muy de acuerdo,Muy de acuerdo,Muy de acuerdo,Muy en desacuerdo,Ni de acuerdo ni en desacuerdo,Muy en desacuerdo,Muy en desacuerdo,De acuerdo
2020/04/18 6:31:40 p.m. GMT-5,mayor de 30 años,Hombre,Trabajo,Casado,No,Nocturna,4to año,Sí,En los examenes y proyectos finales,Muy de acuerdo,Muy de acuerdo,Muy de acuerdo,Muy de acuerdo,De acuerdo,De acuerdo,Ni de acuerdo ni en desacuerdo,Aumenta,Muy en desacuerdo,Muy de acuerdo,En desacuerdo,En desacuerdo,En desacuerdo,En desacuerdo,De acuerdo,De acuerdo,Muy de acuerdo,Muy de acuerdo,Muy de acuerdo,Muy en desacuerdo,De acuerdo,Ni de acuerdo ni en desacuerdo,Ni de acuerdo ni en desacuerdo,Muy de acuerdo
2020/04/18 6:33:45 p.m. GMT-5,19 - 22 años,Mujer,Estudio,Otro,No,Vespertina,3er año,Sí,En los examenes y proyectos finales,Muy de acuerdo,Muy de acuerdo,Muy de acuerdo,Muy de acuerdo,Muy de acuerdo,Muy de acuerdo,En desacuerdo,Disminuye,En desacuerdo,De acuerdo,De acuerdo,Ni de acuerdo ni en desacuerdo,Ni de acuerdo ni en desacuerdo,En desacuerdo,Ni de acuerdo ni en desacuerdo,Ni de acuerdo ni en desacuerdo,De acuerdo,De acuerdo,De acuerdo,En desacuerdo,En desacuerdo,En desacuerdo,En desacuerdo,De acuerdo
2020/04/18 6:39:19 p.m. GMT-5,23 - 26 años,Mujer,Trabajo,Otro,No,Mixta Vespertina - Nocturna,4to año,Sí,En los examenes y proyectos finales,Muy de acuerdo,Muy de acuerdo,Muy de acuerdo,Muy de acuerdo,De acuerdo,Ni de acuerdo ni en desacuerdo,Ni de acuerdo ni en desacuerdo,Disminuye,Muy de acuerdo,Muy de acuerdo,De acuerdo,De acuerdo,En desacuerdo,En desacuerdo,Ni de acuerdo ni en desacuerdo,Ni de acuerdo ni en desacuerdo,De acuerdo,De acuerdo,De acuerdo,Ni de acuerdo ni en desacuerdo,De acuerdo,De acuerdo,De acuerdo,De acuerdo
2020/04/18 6:42:32 p.m. GMT-5,19 - 22 años,Mujer,Estudio,Soltero,No,Vespertina,5to año,Sí,En los examenes y proyectos finales,En desacuerdo,En desacuerdo,De acuerdo,De acuerdo,De acuerdo,De acuerdo,Ni de acuerdo ni en desacuerdo,Aumenta,De acuerdo,Muy de acuerdo,De acuerdo,De acuerdo,De acuerdo,De acuerdo,Ni de acuerdo ni en desacuerdo,De acuerdo,De acuerdo,Muy de acuerdo,Muy de acuerdo,Muy de acuerdo,Ni de acuerdo ni en desacuerdo,De acuerdo,Muy de acuerdo,Ni de acuerdo ni en desacuerdo
2020/04/18 6:44:10 p.m. GMT-5,23 - 26 años,Hombre,Estudio,Soltero,No,Mixta Vespertina - Nocturna,5to año,Sí,En los examenes y proyectos finales,De acuerdo,De acuerdo,De acuerdo,De acuerdo,Ni de acuerdo ni en desacuerdo,Muy de acuerdo,De acuerdo,Aumenta,Muy de acuerdo,Muy de acuerdo,Muy de acuerdo,Muy de acuerdo,De acuerdo,Muy de acuerdo,De acuerdo,De acuerdo,Ni de acuerdo ni en desacuerdo,Ni de acuerdo ni en desacuerdo,Ni de acuerdo ni en desacuerdo,Ni de acuerdo ni en desacuerdo,De acuerdo,Muy de acuerdo,Muy de acuerdo,De acuerdo
2020/04/18 6:45:33 p.m. GMT-5,23 - 26 años,,Ambas,Soltero,Sí,Mixta Vespertina - Nocturna,3er año,Sí,En los examenes y proyectos finales,Muy de acuerdo,Muy de acuerdo,De acuerdo,De acuerdo,De acuerdo,De acuerdo,De acuerdo,Aumenta,Muy de acuerdo,De acuerdo,Muy de acuerdo,De acuerdo,De acuerdo,De acuerdo,De acuerdo,Muy de acuerdo,Muy de acuerdo,Muy de acuerdo,De acuerdo,Muy de acuerdo,Muy de acuerdo,De acuerdo,Muy de acuerdo,De acuerdo
2020/04/18 6:47:02 p.m. GMT-5,23 - 26 años,Hombre,Estudio,Soltero,Sí,Matutina,2do año,Sí,Al iniciar el periodo,Muy de acuerdo,Ni de acuerdo ni en desacuerdo,De acuerdo,De acuerdo,En desacuerdo,En desacuerdo,En desacuerdo,Aumenta,Ni de acuerdo ni en desacuerdo,De acuerdo,Muy de acuerdo,En desacuerdo,De acuerdo,Muy en desacuerdo,Muy en desacuerdo,En desacuerdo,,En desacuerdo,En desacuerdo,,En desacuerdo,En desacuerdo,Muy de acuerdo,Muy en desacuerdo
2020/04/18 6:48:49 p.m. GMT-5,19 - 22 años,Mujer,Ambas,Soltero,Sí,Nocturna,3er año,Sí,En los examenes y proyectos finales,Muy de acuerdo,De acuerdo,En desacuerdo,De acuerdo,Muy de acuerdo,En desacuerdo,En desacuerdo,Aumenta,Ni de acuerdo ni en desacuerdo,De acuerdo,En desacuerdo,Ni de acuerdo ni en desacuerdo,Muy de acuerdo,Muy de acuerdo,En desacuerdo,Ni de acuerdo ni en desacuerdo,De acuerdo,De acuerdo,Muy de acuerdo,En desacuerdo,De acuerdo,De acuerdo,Ni de acuerdo ni en desacuerdo,Ni de acuerdo ni en desacuerdo
2020/04/18 6:50:31 p.m. GMT-5,23 - 26 años,,Ambas,Otro,Sí,Mixta Matutina - Vespertina,4to año,Sí,En los examenes y proyectos finales,De acuerdo,En desacuerdo,En desacuerdo,En desacuerdo,De acuerdo,Muy de acuerdo,En desacuerdo,Aumenta,Muy en desacuerdo,En desacuerdo,Ni de acuerdo ni en desacuerdo,,Muy de acuerdo,De acuerdo,De acuerdo,Muy de acuerdo,Ni de acuerdo ni en desacuerdo,De acuerdo,De acuerdo,De acuerdo,Muy de acuerdo,En desacuerdo,Ni de acuerdo ni en desacuerdo,En desacuerdo
2020/04/18 6:53:02 p.m. GMT-5,23 - 26 años,Hombre,Estudio,Casado,Sí,Mixta Vespertina - Nocturna,4to año,Sí,Al iniciar el periodo,De acuerdo,Muy en desacuerdo,En desacuerdo,Ni de acuerdo ni en desacuerdo,De acuerdo,Muy de acuerdo,Ni de acuerdo ni en desacuerdo,Aumenta,Ni de acuerdo ni en desacuerdo,Ni de acuerdo ni en desacuerdo,De acuerdo,Muy de acuerdo,,,Muy de acuerdo,Ni de acuerdo ni en desacuerdo,De acuerdo,De acuerdo,De acuerdo,En desacuerdo,Ni de acuerdo ni en desacuerdo,Muy de acuerdo,De acuerdo,De acuerdo
2020/04/18 6:56:05 p.m. GMT-5,27 - 30 años,Mujer,Trabajo,Otro,No,Mixta Vespertina - Nocturna,5to año,Sí,En los examenes y proyectos finales,Muy de acuerdo,Muy de acuerdo,Muy de acuerdo,Muy de acuerdo,Muy de acuerdo,Muy de acuerdo,Ni de acuerdo ni en desacuerdo,Disminuye,Muy de acuerdo,Muy de acuerdo,Muy de acuerdo,Ni de acuerdo ni en desacuerdo,Ni de acuerdo ni en desacuerdo,Ni de acuerdo ni en desacuerdo,De acuerdo,Ni de acuerdo ni en desacuerdo,Muy de acuerdo,Muy de acuerdo,De acuerdo,Ni de acuerdo ni en desacuerdo,Ni de acuerdo ni en desacuerdo,Ni de acuerdo ni en desacuerdo,Ni de acuerdo ni en desacuerdo,De acuerdo
2020/04/18 6:57:35 p.m. GMT-5,19 - 22 años,Hombre,Estudio,Soltero,No,Vespertina,3er año,Sí,En los examenes y proyectos finales,Muy de acuerdo,Muy de acuerdo,Muy de acuerdo,Muy de acuerdo,Muy de acuerdo,Ni de acuerdo ni en desacuerdo,Ni de acuerdo ni en desacuerdo,Disminuye,Muy de acuerdo,Muy de acuerdo,De acuerdo,De acuerdo,De acuerdo,De acuerdo,Ni de acuerdo ni en desacuerdo,De acuerdo,De acuerdo,De acuerdo,De acuerdo,De acuerdo,De acuerdo,De acuerdo,Ni de acuerdo ni en desacuerdo,De acuerdo
2020/04/18 6:57:42 p.m. GMT-5,23 - 26 años,Hombre,Ambas,Soltero,Sí,Nocturna,ultimo año,Sí,En los examenes y proyectos finales,Muy de acuerdo,Muy de acuerdo,De acuerdo,Ni de acuerdo ni en desacuerdo,Muy en desacuerdo,Ni de acuerdo ni en desacuerdo,De acuerdo,Disminuye,Muy de acuerdo,Ni de acuerdo ni en desacuerdo,De acuerdo,Ni de acuerdo ni en desacuerdo,En desacuerdo,Muy en desacuerdo,En desacuerdo,Ni de acuerdo ni en desacuerdo,En desacuerdo,Ni de acuerdo ni en desacuerdo,Ni de acuerdo ni en desacuerdo,En desacuerdo,Ni de acuerdo ni en desacuerdo,De acuerdo,Ni de acuerdo ni en desacuerdo,Ni de acuerdo ni en desacuerdo
2020/04/18 7:01:12 p.m. GMT-5,23 - 26 años,Hombre,Ambas,Otro,No,Mixta Vespertina - Nocturna,4to año,Sí,En los examenes y proyectos finales,Muy de acuerdo,Muy de acuerdo,Muy de acuerdo,Muy de acuerdo,Muy de acuerdo,Muy de acuerdo,Ni de acuerdo ni en desacuerdo,Se mantiene,Muy de acuerdo,Muy de acuerdo,Muy de acuerdo,Muy de acuerdo,Muy de acuerdo,Muy de acuerdo,Ni de acuerdo ni en desacuerdo,Ni de acuerdo ni en desacuerdo,De acuerdo,De acuerdo,De acuerdo,En desacuerdo,Ni de acuerdo ni en desacuerdo,Ni de acuerdo ni en desacuerdo,Ni de acuerdo ni en desacuerdo,Muy de acuerdo
2020/04/18 7:02:53 p.m. GMT-5,23 - 26 años,Hombre,Ambas,Otro,No,Nocturna,4to año,Sí,En los examenes y proyectos finales,Muy de acuerdo,Muy de acuerdo,De acuerdo,De acuerdo,De acuerdo,De acuerdo,Ni de acuerdo ni en desacuerdo,Se mantiene,Muy de acuerdo,Muy de acuerdo,Ni de acuerdo ni en desacuerdo,Ni de acuerdo ni en desacuerdo,Ni de acuerdo ni en desacuerdo,Ni de acuerdo ni en desacuerdo,Ni de acuerdo ni en desacuerdo,Ni de acuerdo ni en desacuerdo,De acuerdo,De acuerdo,De acuerdo,En desacuerdo,En desacuerdo,En desacuerdo,En desacuerdo,En desacuerdo
2020/04/18 7:04:40 p.m. GMT-5,23 - 26 años,Hombre,Trabajo,Otro,No,Nocturna,4to año,Sí,En los examenes y proyectos finales,De acuerdo,De acuerdo,De acuerdo,En desacuerdo,Ni de acuerdo ni en desacuerdo,De acuerdo,Ni de acuerdo ni en desacuerdo,Se mantiene,De acuerdo,De acuerdo,De acuerdo,De acuerdo,En desacuerdo,En desacuerdo,En desacuerdo,En desacuerdo,De acuerdo,De acuerdo,De acuerdo,En desacuerdo,En desacuerdo,En desacuerdo,En desacuerdo,De acuerdo
2020/04/18 7:06:19 p.m. GMT-5,23 - 26 años,Mujer,Estudio,Soltero,No,Mixta Vespertina - Nocturna,4to año,Sí,En los examenes y proyectos finales,De acuerdo,De acuerdo,De acuerdo,De acuerdo,Ni de acuerdo ni en desacuerdo,De acuerdo,En desacuerdo,Se mantiene,De acuerdo,Ni de acuerdo ni en desacuerdo,De acuerdo,Muy en desacuerdo,De acuerdo,De acuerdo,De acuerdo,Muy en desacuerdo,Muy de acuerdo,De acuerdo,Ni de acuerdo ni en desacuerdo,Muy en desacuerdo,Muy en desacuerdo,En desacuerdo,Ni de acuerdo ni en desacuerdo,Muy de acuerdo
2020/04/18 7:08:27 p.m. GMT-5,23 - 26 años,Mujer,Estudio,Soltero,No,Vespertina,3er año,Sí,En los examenes y proyectos finales,De acuerdo,De acuerdo,De acuerdo,En desacuerdo,De acuerdo,De acuerdo,En desacuerdo,Aumenta,En desacuerdo,En desacuerdo,En desacuerdo,En desacuerdo,En desacuerdo,En desacuerdo,En desacuerdo,Ni de acuerdo ni en desacuerdo,De acuerdo,De acuerdo,Ni de acuerdo ni en desacuerdo,Muy en desacuerdo,En desacuerdo,En desacuerdo,En desacuerdo,En desacuerdo
2020/04/22 10:40:23 a.m. GMT-5,23 - 26 años,Hombre,Ambas,Soltero,No,Nocturna,3er año,Sí,En los examenes y proyectos finales,Muy de acuerdo,Muy de acuerdo,Muy de acuerdo,Muy de acuerdo,Ni de acuerdo ni en desacuerdo,Muy de acuerdo,Muy de acuerdo,Disminuye,Muy de acuerdo,Ni de acuerdo ni en desacuerdo,Muy de acuerdo,Muy de acuerdo,Muy de acuerdo,Muy de acuerdo,Muy de acuerdo,Muy de acuerdo,Muy de acuerdo,Muy de acuerdo,Muy de acuerdo,Muy de acuerdo,Muy de acuerdo,Muy de acuerdo,Muy de acuerdo,Muy de acuerdo
